id,title,year,first_reported_in_daily,record_type,source_venue,doi,url,source_verification,topics,datasets,input_signals,model_method,main_results,study_goal_zh,method_summary_zh,result_summary_zh,conclusion_summary_zh,takeaway_zh,deployment_summary_zh,leakage_summary_zh,content_status_zh,publication_year_status,publication_year_display,publication_year_basis,publication_year_note,calibration_type,calibration_points,calibration_timing,calibration_notes,subject_split,subject_split_notes,external_validation,external_dataset_or_cohort,external_validation_notes,deployability,deployment_judgment,inference_inputs,current_reference_bp_required,deployment_notes,leakage_risk,abp_bp_denormalization,abp_bp_alignment,abp_bp_windowing,abp_bp_quality_filtering,target_dependent_calibration,window_leakage,subject_leakage,leakage_notes,audit_status,evidence_checked_on,notes
ppgbp-001-blood-pressure-estimation-from-ppg-a-comparative-study-of-direct-and-ecg,Blood Pressure Estimation from PPG: A Comparative Study of Direct and ECG-Mediated Deep Learning Pipelines,2026,2026-08-11,paper,arXiv,,https://arxiv.org/abs/2607.23406,primary-abstract,PPG | cuffless BP,not_reported,PPG | ECG,"在 MIMIC-III 的 3,127 名患者、174 万片段上先做 PPG/ECG 与 ABP 的相关分析，再用多种深度模型统一比较直接与 ECG-mediated pipeline。",PPG 与 ABP 的耦合 |r|=0.247，ECG 为 r=0.018；直接流程 SBP/DBP MAE 4.82/4.31 mmHg，论文称达到 BHS Grade A，ECG-mediated 仅 Grade B。,比较直接 PPG→BP 与先重建 ECG 再估计 BP 的两类流程，判断 ECG 中间表示是否真的更有价值。,"在 MIMIC-III 的 3,127 名患者、174 万片段上先做 PPG/ECG 与 ABP 的相关分析，再用多种深度模型统一比较直接与 ECG-mediated pipeline。",PPG 与 ABP 的耦合 |r|=0.247，ECG 为 r=0.018；直接流程 SBP/DBP MAE 4.82/4.31 mmHg，论文称达到 BHS Grade A，ECG-mediated 仅 Grade B。,直接 PPG 既更简单也优于先重建 ECG；但摘要未说明受试者级划分，不能仅凭大规模窗口数排除泄露。,ECG 中间任务没有带来收益；真正决定可信度的是 subject split，而不是网络链条更长。,论文目标流程推理只需单通道 PPG，不需当前参考 BP；可穿戴友好，但尚不是独立临床验证。,未报告当前 BP 反归一化或目标依赖质量筛选；摘要未说明 window/subject split，风险评为中等。,已完成重点审核,verified,2026,arXiv 题名与首次提交日期核验,当前年份按本记录所对应的正式文章或预印本版本填写。,not reported,,not reported,可得摘要/正文信息未报告个人 cuff calibration。,not_reported,可得来源未明确证明 subject-disjoint；已按未知项保留，不视为通过。,false,,未确认独立外部队列验证。,research-only,研究验证阶段,PPG,false,论文目标流程推理只需单通道 PPG，不需当前参考 BP；可穿戴友好，但尚不是独立临床验证。,medium,未发现逐窗当前 BP/ABP 反归一化；若来源未公开细节则仍保留未确认。,参考 BP/ABP 用于同步监督或设备对照；未见推理期按当前目标对齐。,BP/ABP 用于生成监督窗口；窗口与受试者隔离按论文披露程度审计。,未见明确用当前 BP 选择 PPG 质量；未披露者不按已排除处理。,可得来源未报告个人目标 BP 校准。,划分单位未充分报告，随机或重叠窗口泄露不能排除。,未充分报告 subject-disjoint，按未知风险保留。,未报告当前 BP 反归一化或目标依赖质量筛选；摘要未说明 window/subject split，风险评为中等。,priority-reviewed,2026-08-24,已依据可得 primary abstract/full text 完成重点审核；未公开项目明确标为未报告，不以推断代替证据。
ppgbp-002-evaluating-cross-dataset-transfer-learning-for-photoplethysmography-base,Evaluating cross-dataset transfer learning for photoplethysmography-based blood pressure estimation,2026,2026-08-11,paper,Scientific Reports,10.1038/s41598-026-43409-8,https://www.nature.com/articles/s41598-026-43409-8,primary-full-text,PPG | cuffless BP | cross-dataset transfer | personalization,MIMIC-III | VitalDB | Radboud wearable dataset,PPG,Compact BP-CRNN pretrained on a source dataset; last convolutional and fully connected layers are fine-tuned with limited target-subject data.,"Cross-dataset personalization on 200 patients achieved SBP/DBP MAE 3.36/1.81 mmHg, about 13% better than no transfer; external wearable-domain errors remained around SBP 10.5–10.9 and DBP 6.9 mmHg in the prior review.",检验一个在医院数据上训练的 PPG→BP 模型，能否用少量目标用户数据迁移到新数据集和真实可穿戴场景。,先在源数据集预训练轻量 BP-CRNN，再只微调最后的卷积层和全连接层，用少量目标用户的 PPG 与参考 BP 完成个体化。,在 200 名目标患者的个体化实验中，SBP/DBP MAE 为 3.36/1.81 mmHg，比不做迁移约改善 13%；到了外部可穿戴数据，误差升至约 10.5–10.9/6.9 mmHg。,跨数据集迁移和个体化确实有帮助，但医院数据上的好成绩不能直接代表可穿戴场景；真实域差异仍然很大。,可用于需要入组校准的个体化方案，不能当作免校准、跨人群通用模型。,上线前需要用户提供少量 PPG+参考 BP 做微调；之后单次推理只需 PPG 和已保存的个体参数。,未发现推理时使用当前测试 BP；主要风险是同一用户的校准窗口与测试窗口过近，造成个体化结果偏乐观。,已完成重点审核,verified,2026,此前重点深审记录,当前年份按本记录所对应的正式文章或预印本版本填写。,subject-specific fine-tuning,,onboarding/target adaptation,Needs limited target-user PPG with reference BP.,true,Evaluation is organized by target subjects; source and target datasets are distinct.,true,Radboud wearable dataset,Shows clear hospital-to-wearable domain gap.,conditional,有条件可部署,PPG | stored personalized weights,false,"Personal reference BP is required before deployment, not for each prediction.",low-to-medium,not reported as current-test target dependent,dataset synchronization used; no per-window target alignment confirmed,reference BP used to create supervised target windows,quality filtering present; exact target dependence needs protocol audit,historical target-subject BP used for fine-tuning,controlled by subject-specific protocol but temporal proximity remains a concern,not the primary risk; evaluation is personalized by design,"Strong deployment relevance, but personalized results cannot be read as calibration-free cross-person generalization.",priority-reviewed,2026-08-24,重点深审。
ppgbp-003-single-beat-cuffless-blood-pressure-estimation-using-ear-ppg-and-ecg-wit,Single-Beat Cuffless Blood Pressure Estimation Using Ear-PPG and ECG with a Lightweight Hybrid Learning Framework,2026,2026-08-11,paper,EMBC 2026 / arXiv,,https://arxiv.org/abs/2607.27076,primary-abstract,PPG | cuffless BP,not_reported,PPG | ECG,同步胸部 ECG、耳夹反射式 PPG 与两处 6-axis IMU；1D-CNN 提取单搏 embedding，与 PTT、HRV、PPG morphology 等 30 个特征融合后由 LightGBM 回归。,10 人多阶段应激实验加 PulseDB，采用 subject-disjoint 验证；30 次运行的 SBP/DBP MAE 为 4.02±0.21/1.79±0.05 mmHg，综合 MAE 比基线低 28.2%。,在长窗口会被运动破坏的情况下，用单个心搏完成 cuffless BP 估计。,同步胸部 ECG、耳夹反射式 PPG 与两处 6-axis IMU；1D-CNN 提取单搏 embedding，与 PTT、HRV、PPG morphology 等 30 个特征融合后由 LightGBM 回归。,10 人多阶段应激实验加 PulseDB，采用 subject-disjoint 验证；30 次运行的 SBP/DBP MAE 为 4.02±0.21/1.79±0.05 mmHg，综合 MAE 比基线低 28.2%。,单搏信息可以支持轻量估计，但本地应激队列很小，仍需更大真实运动与独立临床验证。,这是多传感器的轻量单搏方案，不是 PPG-only，也不能把 PulseDB 成绩直接视作耳戴产品性能。,推理需同步耳部 PPG、胸部 ECG，并可用 IMU 提供运动上下文；不需当前参考 BP。,明确 subject-disjoint，目标泄露风险较低；仍需核对窗口重叠是否在受试者内部严格留在同一集合。,已完成重点审核,verified,2026,arXiv 与 IEEE EMBC 2026 议程核验,当前年份按本记录所对应的正式文章或预印本版本填写。,not reported,,not reported,可得摘要/正文信息未报告个人 cuff calibration。,true,摘要明确 subject-disjoint validation。,false,,未确认独立外部队列验证。,research-only,研究验证阶段,ear PPG | chest ECG | IMU/motion context,false,推理需同步耳部 PPG、胸部 ECG，并可用 IMU 提供运动上下文；不需当前参考 BP。,low,未发现逐窗当前 BP/ABP 反归一化；若来源未公开细节则仍保留未确认。,参考 BP/ABP 用于同步监督或设备对照；未见推理期按当前目标对齐。,BP/ABP 用于生成监督窗口；窗口与受试者隔离按论文披露程度审计。,未见明确用当前 BP 选择 PPG 质量；未披露者不按已排除处理。,可得来源未报告个人目标 BP 校准。,有受试者/队列隔离证据；重叠窗口细节仍以全文为准。,已报告 subject-disjoint、LOSO 或独立队列。,明确 subject-disjoint，目标泄露风险较低；仍需核对窗口重叠是否在受试者内部严格留在同一集合。,priority-reviewed,2026-08-24,已依据可得 primary abstract/full text 完成重点审核；未公开项目明确标为未报告，不以推断代替证据。
ppgbp-004-smartwatch-photoplethysmography-derived-heart-age-via-ecg-guided-cross-m,Smartwatch Photoplethysmography-Derived Heart Age via ECG-Guided Cross-Modal Pretraining as a Digital Biomarker of Vascular Aging,2026,2026-08-11,paper,Preprint,10.21203/rs.3.rs-10560421/v1,https://doi.org/10.21203/rs.3.rs-10560421/v1,primary-metadata/abstract,PPG | foundation model | wearable deployment,not_reported,PPG | ECG | IMU/context (possible),"训练期用同步 ECG–PPG 做 subject-aware 自监督与 contrastive alignment，推理仅保留 PPG；在 OPPO 三队列共 581,804 人、7,452,131 条记录上开发并外部关联验证。",外部 PWV/HBPM 队列 heart-age MAE 为 5.895/4.344 年，r=0.819/0.800；heart-age gap 每升高 1 SD，高血压 odds ratio 为 1.72，最高与最低四分位 OR=4.25。,把 smartwatch PPG 转成 heart-age gap，并检验它与动脉僵硬和高血压患病是否相关。,"训练期用同步 ECG–PPG 做 subject-aware 自监督与 contrastive alignment，推理仅保留 PPG；在 OPPO 三队列共 581,804 人、7,452,131 条记录上开发并外部关联验证。",外部 PWV/HBPM 队列 heart-age MAE 为 5.895/4.344 年，r=0.819/0.800；heart-age gap 每升高 1 SD，高血压 odds ratio 为 1.72，最高与最低四分位 OR=4.25。,PPG heart age 可用于风险分层，但它预测的是生物年龄/患病关联，不是输出当前 SBP/DBP。,大队列和外部队列很强；不能把高血压关联误写成 cuffless BP 测量验证。,训练需 ECG，手表端推理只需 PPG；无需 cuff 校准或当前 BP。,外部 PWV/HBPM 队列降低跨队列泄露；摘要未完整披露内部划分细节，保留中低风险。,已完成重点审核,verified,2026,Crossref 精确题名/年份与可得 primary abstract/full text 核验,当前年份按本记录所对应的正式文章或预印本版本填写。,not applicable,,not reported,该研究不是连续 BP estimator。,not_reported,可得来源未明确证明 subject-disjoint；已按未知项保留，不视为通过。,true,OPPO PWV 与 HBPM 外部队列,存在独立数据/队列测试；仍按论文具体任务解释。,not-a-bp-estimator,非 BP 测量任务,smartwatch PPG,false,训练需 ECG，手表端推理只需 PPG；无需 cuff 校准或当前 BP。,medium,not applicable,not applicable,not applicable,not applicable,not applicable,划分单位未充分报告，随机或重叠窗口泄露不能排除。,未充分报告 subject-disjoint，按未知风险保留。,外部 PWV/HBPM 队列降低跨队列泄露；摘要未完整披露内部划分细节，保留中低风险。,priority-reviewed,2026-08-24,已依据可得 primary abstract/full text 完成重点审核；未公开项目明确标为未报告，不以推断代替证据。
ppgbp-005-a-robust-ppg-foundation-model-using-multimodal-physiological-supervision,A robust PPG foundation model using multimodal physiological supervision,2026,2026-08-11,paper,Preprint,,https://arxiv.org/abs/2606.07365,primary-abstract,PPG | foundation model,not_reported,PPG,预训练时利用 ECG 与 respiration 选择 contrastive samples，并保留噪声 PPG 学习，而不是只依赖人工清洗的高质量片段。,用约为既有方法三分之一的受试者预训练，在 15 个下游任务中的 14 个取得提升，包括日常活动和 HR 预测；摘要未给统一数值。,用 ICU 中同步 ECG/呼吸信号帮助 PPG foundation model 在噪声和消费级场景中更稳健。,预训练时利用 ECG 与 respiration 选择 contrastive samples，并保留噪声 PPG 学习，而不是只依赖人工清洗的高质量片段。,用约为既有方法三分之一的受试者预训练，在 15 个下游任务中的 14 个取得提升，包括日常活动和 HR 预测；摘要未给统一数值。,多模态训练监督提高 PPG 表征鲁棒性，但本研究不是 BP estimator，也没有给 cuffless BP 临床指标。,适合作为 PPG encoder 候选；下游 BP 任务仍需独立审计划分、标签和校准。,训练需 PPG+ECG+呼吸；下游通常可仅用 PPG encoder，具体输入取决于任务 head。,未涉及当前 BP 目标；主要风险转移到每个下游任务的 subject split，摘要未提供全部细节。,已完成重点审核,verified,2026,arXiv 题名与首次提交日期核验,当前年份按本记录所对应的正式文章或预印本版本填写。,not applicable,,not reported,该研究不是连续 BP estimator。,not_reported,可得来源未明确证明 subject-disjoint；已按未知项保留，不视为通过。,false,,未确认独立外部队列验证。,not-a-bp-estimator,非 BP 测量任务,PPG,false,训练需 PPG+ECG+呼吸；下游通常可仅用 PPG encoder，具体输入取决于任务 head。,medium,not applicable,not applicable,not applicable,not applicable,not applicable,划分单位未充分报告，随机或重叠窗口泄露不能排除。,未充分报告 subject-disjoint，按未知风险保留。,未涉及当前 BP 目标；主要风险转移到每个下游任务的 subject split，摘要未提供全部细节。,priority-reviewed,2026-08-24,已依据可得 primary abstract/full text 完成重点审核；未公开项目明确标为未报告，不以推断代替证据。
ppgbp-006-few-shot-personalized-blood-pressure-estimation-from-photoplethysmograph,Few-Shot Personalized Blood Pressure Estimation from Photoplethysmography and Physiological Priors via Low-Rank Adaptation,2026,2026-08-12,paper,IEEE Journal of Biomedical and Health Informatics,,https://pubmed.ncbi.nlm.nih.gov/41701592/,primary-metadata/abstract,PPG | cuffless BP | personalization | LoRA | physiological prior,UCI Cuffless BP | University of Queensland | CAS-BP,PPG | physiological priors,Population-pretrained Transformer personalized with sampling-rate-robust LoRA (SRR-LoRA) and pulse-pressure consistency loss.,"Reported SBP MAE 1.52 mmHg and DBP MAE 1.07 mmHg after few-shot personalization; 2,405 pretraining subjects and 316 personalization subjects were described in the prior daily review.",用少量个人样本，把群体 PPG→BP 模型快速适配到新用户，同时尽量减少需要更新的参数量。,先训练群体 Transformer，再用 SRR-LoRA 做低秩个体化，并加入 pulse pressure 一致性损失；个人适配只更新少量 LoRA 参数。,"论文报告个体化后 SBP/DBP MAE 为 1.52/1.07 mmHg；此前日报记录的预训练人群为 2,405 人，个体化实验为 316 人。",Few-shot LoRA 能显著提高同一用户上的预测精度，但高精度依赖个人标注样本，不能表述为“无需校准”。,工程上有吸引力，但必须把个人 cuff BP 的采集成本和校准—测试时间间隔写清楚。,完成入组校准后可仅用 PPG 推理；生成个人 LoRA adapter 时仍需要带参考 BP 的个人样本。,未发现当前测试 BP 进入推理；需继续核对个人校准窗口与测试窗口是否严格分离。,已完成重点审核,verified,2026,此前重点深审记录,当前年份按本记录所对应的正式文章或预印本版本填写。,few-shot personal fine-tuning,,onboarding,Requires labeled personal PPG/BP examples; exact shot count varies by experiment and is not safely reduced here to a single number.,reported-subject-aware,Personalization cohorts are subject-based; exact train/validation/test protocol still needs full-text table verification.,false,,"Multiple datasets used, but no clearly independent external clinical validation was confirmed.",conditional,有条件可部署,PPG | stored personalized LoRA parameters,false,"Deployment can be PPG-only after onboarding, but cuff/reference BP is needed to create the personalized adapter.",medium,not_found,not_found,unknown,unknown,historical personal BP labels used for onboarding,not fully verified,lower risk if reported subject protocol is followed,No evidence that current test BP is needed at inference; personalization can still make same-person evaluation optimistic if calibration/test windows are too close.,priority-reviewed,2026-08-24,重点深审；不要把“少样本个体化”误写成“无需校准”。
ppgbp-007-feasibility-and-performance-evaluation-of-ppg-on-a-galaxy-watch-in-conti,Feasibility and performance evaluation of PPG on a Galaxy Watch in continuous central blood pressure monitoring,2026,2026-08-12,paper,European Heart Journal – Digital Health,,https://pmc.ncbi.nlm.nih.gov/articles/PMC12912915/,primary-full-text,PPG | Galaxy Watch | central BP | change tracking | external prospective validation,6117 measurements/440 development participants | 114 catheterization validation participants,Galaxy Watch 6 PPG | optional baseline calibration,PPG algorithm detects relative MAP/SBP/DBP changes against invasive central aortic BP; prospective catheterization evaluation.,For ≥15% MAP increase AUC 0.85; MAP-change correlation r=0.92 with bias 0.51 mmHg; median detection delay 1 min; uncalibrated change detection remained robust.,验证 Galaxy Watch 的腕部 PPG 能否连续追踪中心动脉 BP 的相对变化，而不是只在静息时给出一个绝对 BP 数字。,算法从手表 PPG 提取 MAP/SBP/DBP 的变化，并在导管检查人群中与侵入式中心主动脉 BP 做前瞻性比较；同时比较有、无基线校准。,识别 MAP 上升≥15% 的 AUC 为 0.85；MAP 变化相关系数 r=0.92，偏差 0.51 mmHg，中位检测延迟 1 分钟；无校准时变化检测仍较稳健。,腕部 PPG 很适合做 ΔBP/MAP 趋势追踪，但这项研究并未证明手表可按完整标准输出可靠的绝对 BP。,把它理解为“变化报警器”比“电子血压计”更准确。,推理只需腕部 PPG，可选基线；适合趋势监测，不应外推为绝对 BP 产品验证。,开发与前瞻性验证队列分开，未见当前参考 BP 输入模型；侵入式 BP 仅用于评价。,已完成重点审核,verified,2026,此前重点深审记录,当前年份按本记录所对应的正式文章或预印本版本填写。,baseline calibration optional for change tracking,,baseline,Calibrated and uncalibrated relative-change analyses were both reported.,true,Development and prospective evaluation cohorts are separate.,true,114 prospective catheterization patients,Reference is invasive central aortic BP.,promising-change-tracking,适合 ΔBP/MAP 变化检测，非绝对 BP 产品验证,wrist PPG | optional baseline,false,Protocol did not satisfy all relevant validation requirements.,low,not reported,minute-level paired reference used for evaluation,fixed time points,not reported as target-based,baseline only/optional,not applicable across separate cohorts,NO apparent cohort overlap,Reference BP defines outcomes but is not needed by deployed PPG model.,priority-reviewed,2026-08-24,重点深审。
ppgbp-008-validation-and-subgroup-analysis-of-the-accuracy-of-the-photoplethysmogr,Validation and Subgroup Analysis of the Accuracy of the Photoplethysmography-based Microlife Cuffless Upper-arm Wearable Blood Pressure Monitor,2026,2026-08-12,paper,American Journal of Hypertension,10.1093/ajh/hpaf238,https://pubmed.ncbi.nlm.nih.gov/41390956/,primary-abstract,PPG | cuffless BP | clinical validation | skin tone | age,prospective 120-participant validation cohort,upper-arm PPG | stored cuff calibration,Commercial upper-arm PPG cuffless monitor evaluated with sequential same-arm measurements under AAMI/ESH/ISO 81060-2:2018/Amd 1:2020.,120 adults; met AAMI/ESH/ISO accuracy criteria and showed broadly consistent results across age and Fitzpatrick skin-tone groups.,按医疗器械标准检验 Microlife 上臂式 PPG 无袖带血压计的准确性，并观察年龄和肤色亚组是否一致。,在 120 名成人中采用同臂序贯测量，与参考 cuff BP 比较，并按 AAMI/ESH/ISO 81060-2:2018/Amd 1:2020 的要求评估。,设备达到论文采用的 AAMI/ESH/ISO 准确性判据；年龄与 Fitzpatrick 肤色亚组结果总体一致。,这是较接近产品验证的证据，但使用方式和校准条件仍需遵守研究协议，不能泛化到所有场景。,比纯算法回顾性实验更接近真实产品证据，但仍要看校准、测量姿势和适用人群。,适合校准后进行居家频繁测量；需要按设备说明完成初始校准。,属于独立设备验证，不是随机窗口训练评估；主要关注校准流程与参考测量协议，而非模型窗口泄露。,已完成重点审核,verified,2026,此前重点深审记录,当前年份按本记录所对应的正式文章或预印本版本填写。,individual cuff calibration,,before validation,Calibrated against a clinically validated mercury sphygmomanometer.,not applicable to device validation,Prospective measurement validation rather than model train/test split.,true,120-participant prospective validation,General adult population with subgroup analysis.,strong-conditional,临床验证较强但需要袖带校准,upper-arm PPG | stored personal calibration,false,Suitable for frequent home measurements after calibration.,low,not reported,sequential same-arm reference protocol,device-defined,not reported as reference-target based,historical cuff calibration only,not applicable,not applicable to prospective device validation,"Calibration is an authorized deployment input, not leakage, provided later reference readings are only evaluation targets.",priority-reviewed,2026-08-24,重点深审。
ppgbp-009-sigma-ppg-statistical-prior-informed-generative-masking-architecture-for,SIGMA-PPG: Statistical-prior Informed Generative Masking Architecture for PPG Foundation Model,2026,2026-08-12,paper,arXiv,,https://arxiv.org/abs/2601.21031,primary-abstract,PPG | foundation model,not_reported,PPG,以 statistical prior 指导强化学习 teacher 生成高难度 mask，并用 vector quantization semantic-consistency 约束相似波形映射到共享 code。,"在超过 120,000 小时 PPG 上预训练，12 个下游任务平均优于 5 个 SOTA baseline；摘要未逐项给出 BP 指标。",避免普通 masked modeling 学到 PPG 冗余或噪声，获得更有生理语义的通用表征。,以 statistical prior 指导强化学习 teacher 生成高难度 mask，并用 vector quantization semantic-consistency 约束相似波形映射到共享 code。,"在超过 120,000 小时 PPG 上预训练，12 个下游任务平均优于 5 个 SOTA baseline；摘要未逐项给出 BP 指标。",这是 foundation model 的多任务结果，不等于已经证明绝对 BP 精度或临床可用性。,值得在 subject-disjoint BP benchmark 上复核，当前最强证据是表征迁移而非 BP 产品。,下游推理可只用 PPG；预训练 teacher 和 VQ codebook 不需要当前 BP。,预训练不依赖 BP 目标；各下游数据是否按受试者划分需分别审计。,已完成重点审核,verified,2026,arXiv 题名与首次提交日期核验,当前年份按本记录所对应的正式文章或预印本版本填写。,not applicable,,not reported,该研究不是连续 BP estimator。,not_reported,可得来源未明确证明 subject-disjoint；已按未知项保留，不视为通过。,false,,未确认独立外部队列验证。,not-a-bp-estimator,非 BP 测量任务,PPG,false,下游推理可只用 PPG；预训练 teacher 和 VQ codebook 不需要当前 BP。,medium,not applicable,not applicable,not applicable,not applicable,not applicable,划分单位未充分报告，随机或重叠窗口泄露不能排除。,未充分报告 subject-disjoint，按未知风险保留。,预训练不依赖 BP 目标；各下游数据是否按受试者划分需分别审计。,priority-reviewed,2026-08-24,已依据可得 primary abstract/full text 完成重点审核；未公开项目明确标为未报告，不以推断代替证据。
ppgbp-010-wavelet-driven-masked-multiscale-reconstruction-for-ppg-foundation-model,Wavelet-Driven Masked Multiscale Reconstruction for PPG Foundation Models,2026,2026-08-12,paper,Preprint,,https://arxiv.org/abs/2601.12215,primary-abstract,PPG | foundation model,not_reported,PPG,"把 PPG 做 wavelet multiresolution decomposition，随机遮挡不同尺度系数，由 Transformer 重建；使用约 1,700 万个 10 秒片段、约 32,000 名手表用户预训练。",在 19 个健康任务中的 17 个达到或超过开源 PPG/time-series foundation model 与其他自监督基线。,让 foundation model 显式学习 PPG 从波形形态到全局节律的多尺度频谱结构。,"把 PPG 做 wavelet multiresolution decomposition，随机遮挡不同尺度系数，由 Transformer 重建；使用约 1,700 万个 10 秒片段、约 32,000 名手表用户预训练。",在 19 个健康任务中的 17 个达到或超过开源 PPG/time-series foundation model 与其他自监督基线。,wavelet-aware 预训练能改善通用 PPG embedding，但摘要没有给专门 BP clinical validation。,适合作为 wearable PPG 底座；不能把 17/19 下游胜出直接换算成 SBP/DBP 准确度。,推理只需 PPG；wavelet/encoder 的边缘计算成本仍需具体设备测量。,无当前 BP 目标依赖；下游受试者划分和同一用户重复片段隔离仍需单独确认。,已完成重点审核,verified,2025 workshop / 2026 完整版,2026 arXiv/ICLR 版本核验,存在 2025 年较短的 workshop 版本；当前记录对应 2026 年完整题名版本。,not applicable,,not reported,该研究不是连续 BP estimator。,not_reported,可得来源未明确证明 subject-disjoint；已按未知项保留，不视为通过。,false,,未确认独立外部队列验证。,not-a-bp-estimator,非 BP 测量任务,PPG,false,推理只需 PPG；wavelet/encoder 的边缘计算成本仍需具体设备测量。,medium,not applicable,not applicable,not applicable,not applicable,not applicable,划分单位未充分报告，随机或重叠窗口泄露不能排除。,未充分报告 subject-disjoint，按未知风险保留。,无当前 BP 目标依赖；下游受试者划分和同一用户重复片段隔离仍需单独确认。,priority-reviewed,2026-08-24,已依据可得 primary abstract/full text 完成重点审核；未公开项目明确标为未报告，不以推断代替证据。
ppgbp-011-benchmarking-and-enhancing-ppg-based-cuffless-blood-pressure-estimation-,Benchmarking and Enhancing PPG-Based Cuffless Blood Pressure Estimation Methods,2026,2026-08-13,paper,BIOSIGNALS 2026,10.5220/0014245400004070,https://www.scitepress.org/PublishedPapers/2026/142454/,primary-paper,PPG | cuffless BP | benchmark | demographics | clinical criteria,NBPDB | MIMIC-III | VitalDB,PPG | age | sex | BMI,"Standardized 101,453-segment benchmark from 1,103 healthy adults; compares multiple models and demographic fusion.",No baseline model met AAMI/ISO numerical limits; demographic-enhanced MInception reduced error 23% to SBP/DBP MAE 4.75/2.90 mmHg.,在统一数据和评估流程下比较多种 PPG→BP 模型，避免不同论文因数据处理不同而无法公平比较。,"构建 1,103 名健康成人、101,453 个片段的统一基准，比较多种网络，并测试把人口学信息与 PPG 表征融合。",所有基础模型都未达到 AAMI/ISO 的数值门槛；加入人口学信息后，MInception 误差下降 23%，SBP/DBP MAE 为 4.75/2.90 mmHg。,人口学信息能改善数值表现，但达到某个 MAE 门槛不等于完成医疗器械标准验证。,这是模型公平比较的基准，不是产品合规证明。,仍处研究基准阶段；推理可能需要 PPG 和人口学信息，尚无独立临床产品验证。,重点要核对统一 benchmark 是否严格 subject-disjoint；数值达标不能替代标准规定的受试者级协议。,已完成重点审核,verified,2026,此前重点深审记录,当前年份按本记录所对应的正式文章或预印本版本填写。,none reported,0,none,"Demographics are covariates, not cuff calibration.",reported standardized benchmark,Full split manifest should be preserved in reuse.,false,,"Derived from two public ICU/OR datasets, not consumer-device clinical validation.",research-benchmark,有助于公平比较，非产品验证,PPG | age | sex | BMI,false,Numerical standard thresholds alone do not establish protocol compliance.,medium,not reported,curated synchronized signals,high-quality segment selection,curation likely uses signal/physiological constraints; audit manifest needed,NO,controlled by standardized protocol; verify implementation,reported controlled,Healthy-adult subset and demographic baselines may narrow target variance.,priority-reviewed,2026-08-24,重点深审。
ppgbp-012-anyppg-an-ecg-guided-ppg-foundation-model-trained-on-over-100-000-hours-,"AnyPPG: An ECG-Guided PPG Foundation Model Trained on Over 100,000 Hours of Recordings for Holistic Health Profiling",2026,2026-08-13,paper,arXiv,,https://arxiv.org/abs/2511.01747,primary-metadata,PPG | foundation model | ECG-guided pretraining | wearable,six multi-source synchronized PPG-ECG datasets,PPG at deployment | ECG only during pretraining,Dual-modal alignment places synchronized PPG and ECG representations in a shared physiological space; downstream use can retain only the PPG encoder.,"Pretraining covers about 109,909 h from 58,796 subjects; reports average gains of 12.8% in regression and 9.1% in classification across 11 tasks.",利用训练期同步 ECG 帮助 PPG 学到更稳定的生理表征，再把 PPG encoder 用到多种健康任务。,通过跨模态对齐，让同步 PPG 与 ECG 进入共享生理空间；下游部署时可以只保留 PPG encoder。,"预训练规模约 109,909 小时、58,796 人；在 11 个任务上，回归平均提升 12.8%，分类平均提升 9.1%。",ECG 可作为训练期的 privileged supervision 提升 PPG 表征，但 AnyPPG 本身不是专门的 BP 医疗器械验证。,适合作为 PPG foundation model 底座；是否能测 BP 仍取决于下游数据、划分和临床验证。,训练时需要 ECG 对齐监督，下游推理可以只用 PPG。,ECG 是训练监督而非测试目标；下游任务仍需重新审计 subject split 和 BP 标签使用方式。,已完成重点审核,verified,2026,此前重点深审记录,当前年份按本记录所对应的正式文章或预印本版本填写。,task-specific downstream adaptation,,downstream,No cuff BP calibration protocol is established by the foundation-model paper.,reported across downstream datasets,Exact per-task split must be checked before BP claims.,true,six independent downstream datasets,"Broad health tasks, not a dedicated cuffless BP device validation.",research-enabler,PPG-only 表征可部署,PPG,false,"ECG is privileged training supervision, not required at inference.",low for target leakage / medium for downstream split provenance,not applicable,"ECG–PPG synchronization is a training signal, not BP target leakage",not applicable to absolute BP output,not applicable,not applicable,task-specific,task-specific,Do not treat hypertension classification or foundation-model gains as absolute SBP/DBP validation.,priority-reviewed,2026-08-24,重点深审。
ppgbp-013-reassessing-the-feasibility-of-ppg-based-non-invasive-blood-glucose-leve,Reassessing the Feasibility of PPG-Based Non-Invasive Blood Glucose Level Estimation,2026,2026-08-13,paper,Preprint,,https://arxiv.org/abs/2608.01820,primary-abstract,PPG,not_reported,PPG,统一复现 5 种代表方法，依次使用随机 window、participant-aware 和 leave-some-participants-out 三种协议，并与均值 baseline 比较。,随机划分下看似有竞争力，participant-aware/LSPO 下几乎都降至接近 0 或负 R²；所有模型甚至均值 baseline 都有超过 90% 预测落在 Clarke A+B。,用严格划分重新评估 PPG 非侵入血糖研究，检验高分是否来自 window leakage 和宽松指标。,统一复现 5 种代表方法，依次使用随机 window、participant-aware 和 leave-some-participants-out 三种协议，并与均值 baseline 比较。,随机划分下看似有竞争力，participant-aware/LSPO 下几乎都降至接近 0 或负 R²；所有模型甚至均值 baseline 都有超过 90% 预测落在 Clarke A+B。,随机窗口严重高估泛化，Clarke A+B 在该数据分布下会掩盖模型失败。,这是数据泄露与指标失真案例，虽非 BP 任务，对 PPG→BP 的评估设计同样直接适用。,不是可部署血糖产品；其价值是提供严格、可复现的审计 pipeline。,论文主动揭示 sample/window leakage；LSPO 是更可信的跨人评估，目标反归一化未成为主要问题。,已完成重点审核,verified,2026,arXiv 题名与首次提交日期核验,当前年份按本记录所对应的正式文章或预印本版本填写。,not applicable,,not reported,该研究不是连续 BP estimator。,not_reported,可得来源未明确证明 subject-disjoint；已按未知项保留，不视为通过。,false,,未确认独立外部队列验证。,not-a-bp-estimator,非 BP 测量任务,PPG,false,不是可部署血糖产品；其价值是提供严格、可复现的审计 pipeline。,medium,not applicable,not applicable,not applicable,not applicable,not applicable,划分单位未充分报告，随机或重叠窗口泄露不能排除。,未充分报告 subject-disjoint，按未知风险保留。,论文主动揭示 sample/window leakage；LSPO 是更可信的跨人评估，目标反归一化未成为主要问题。,priority-reviewed,2026-08-24,已依据可得 primary abstract/full text 完成重点审核；未公开项目明确标为未报告，不以推断代替证据。
ppgbp-014-soft-multi-wavelength-photoplethysmography-enables-reliable-neonatal-blo,"Soft, Multi-Wavelength Photoplethysmography Enables Reliable Neonatal Blood Pressure Monitoring Via Error Stratification",2026,2026-08-13,paper,Advanced Science,10.1002/advs.76775,https://doi.org/10.1002/advs.76775,primary-metadata/abstract,PPG | cuffless BP | wearable deployment,not_reported,PPG | IMU/context (possible),反射+透射光路采集 G/R/IR PPG，建立 42 名新生儿、同步 invasive ABP 的 NEO-BP 前瞻性数据集，再按可测采集/生理条件做事后误差分层。,"不按 signal quality 排除样本的 held-out segment test 共 9,378 段；G+R+IR 的 SBP/DBP MAE 为 9.67/6.17 mmHg，低质量和强运动时误差增加。",构建柔性多波长新生儿 PPG，并量化不同信号质量和运动状态下 BP 误差如何变化。,反射+透射光路采集 G/R/IR PPG，建立 42 名新生儿、同步 invasive ABP 的 NEO-BP 前瞻性数据集，再按可测采集/生理条件做事后误差分层。,"不按 signal quality 排除样本的 held-out segment test 共 9,378 段；G+R+IR 的 SBP/DBP MAE 为 9.67/6.17 mmHg，低质量和强运动时误差增加。",多波长有帮助，但当前精度不足，且 segment-level held-out 不能证明对新生儿跨个体泛化。,最重要的贡献是 error stratification 和拒测依据，不是一个已达临床门槛的 BP 模型。,推理需柔性多波长 PPG；不需当前 ABP，但应配套 SQA/运动拒测。,未见目标反归一化；摘要明确 segment-level test，若同一新生儿跨集合则存在 subject leakage 风险。,已完成重点审核,verified,2026,Crossref 精确题名/年份与可得 primary abstract/full text 核验,当前年份按本记录所对应的正式文章或预印本版本填写。,not reported,,not reported,可得摘要/正文信息未报告个人 cuff calibration。,not_reported,可得来源未明确证明 subject-disjoint；已按未知项保留，不视为通过。,false,,未确认独立外部队列验证。,research-only,研究验证阶段,PPG,false,推理需柔性多波长 PPG；不需当前 ABP，但应配套 SQA/运动拒测。,medium,未发现逐窗当前 BP/ABP 反归一化；若来源未公开细节则仍保留未确认。,参考 BP/ABP 用于同步监督或设备对照；未见推理期按当前目标对齐。,BP/ABP 用于生成监督窗口；窗口与受试者隔离按论文披露程度审计。,未见明确用当前 BP 选择 PPG 质量；未披露者不按已排除处理。,可得来源未报告个人目标 BP 校准。,划分单位未充分报告，随机或重叠窗口泄露不能排除。,未充分报告 subject-disjoint，按未知风险保留。,未见目标反归一化；摘要明确 segment-level test，若同一新生儿跨集合则存在 subject leakage 风险。,priority-reviewed,2026-08-24,已依据可得 primary abstract/full text 完成重点审核；未公开项目明确标为未报告，不以推断代替证据。
ppgbp-015-arterial-blood-pressure-waveform-reconstruction-estimation-from-ppg-usin,Arterial blood pressure waveform reconstruction estimation from PPG using TCN–BiLSTM,2026,2026-08-13,paper,American Heart Journal Plus,10.1016/j.ahjo.2026.100837,https://pmc.ncbi.nlm.nih.gov/articles/PMC13375927/,primary-full-text,PPG | ABP waveform reconstruction | cuffless BP | TCN | BiLSTM | target leakage,VitalDB | MIMIC-IV,PPG | first derivative PPG | second derivative PPG,8 s PPG windows (2 s stride) are mapped to normalized ABP waveforms by a TCN–BiLSTM with extrema-aware Huber loss.,VitalDB reported SBP MAE/RMSE 3.61/5.24 and DBP 1.79/2.37 mmHg; external MIMIC-IV table reported about 4.6/1.9 mmHg MAE.,只根据 PPG 重建完整 ABP 波形，并从波形中估计 SBP/DBP。,将 8 秒 PPG 窗口（2 秒步长）送入 TCN–BiLSTM，预测归一化 ABP 波形，并用强调极值的 Huber loss 训练。,VitalDB 上 SBP MAE/RMSE 为 3.61/5.24 mmHg，DBP 为 1.79/2.37 mmHg；外部 MIMIC-IV 表格约为 4.6/1.9 mmHg MAE。,表面误差很低，但论文使用每个测试 ABP 窗口自身的 μ/σ 恢复 mmHg，推理时等于借用了真实答案的信息。,这是数据库中的严重泄露案例：数值不能代表真实 PPG-only 部署能力。,按论文报告的流程无法部署，因为真实系统不知道当前 ABP 窗口的均值和标准差。,严重：测试 ABP 用于逐窗反归一化，且 ABP 参与质量筛选；即使 subject-disjoint 和外部数据成立，也不能抵消目标泄露。,已完成重点审核,verified,2026,此前重点深审记录,当前年份按本记录所对应的正式文章或预印本版本填写。,none claimed,0,none,"However, each test ABP window supplies its own mean and standard deviation for denormalization, which functions as unavailable target information.",true,"VitalDB split 1,568/328/330 subjects; overlapping windows stay within subject partitions.",true,MIMIC-IV,"External test without retraining is reported, but the same target-dependent preprocessing issue applies.",not-deployable-as-reported,按论文流程不可部署为 PPG-only 绝对 BP,PPG | current true ABP window mean | current true ABP window standard deviation,true,Real deployment cannot know current ABP μ/σ needed to restore mmHg.,critical,YES — per-window true ABP μ/σ stored and used for denormalization,not explicitly reported; synchronization source is pre-extracted paired data,YES — ABP peaks/troughs define labels and validity; minimum three ABP peaks required,YES — true SBP/DBP/PP ranges and ABP peak count filter windows,YES in effect through per-window ABP denormalization,"overlapping windows, but subject-wise partitions prevent cross-subject-window overlap",NO according to reported subject-wise split,Subject split and external data do not cancel leakage caused by current-test ABP statistics and ABP-based test selection.,priority-reviewed,2026-08-24,本库最高优先级泄露案例。
ppgbp-016-biosignal-fingerprinting-a-cross-modal-ppg-ecg-foundation-model,Biosignal Fingerprinting: A Cross-Modal PPG-ECG Foundation Model,2026,2026-08-13,paper,Preprint,,https://arxiv.org/abs/2605.09579,primary-abstract,PPG | foundation model,not_reported,PPG | ECG,M2AE 使用模态专属 encoder、共享 bottleneck 和双 decoder，以 reconstruction+cross-modal contrastive objectives 训练 340 万对 ECG/PPG。,7 个下游任务中，五类 CVD AUROC 0.974，高血压检测 AUROC 0.877；5 个分类任务最大 AUROC 提升 27.7%，单一模态仍可工作。,学习 PPG/ECG 跨模态共享的 cardiovascular fingerprint，供多个任务冻结复用。,M2AE 使用模态专属 encoder、共享 bottleneck 和双 decoder，以 reconstruction+cross-modal contrastive objectives 训练 340 万对 ECG/PPG。,7 个下游任务中，五类 CVD AUROC 0.974，高血压检测 AUROC 0.877；5 个分类任务最大 AUROC 提升 27.7%，单一模态仍可工作。,可用 PPG 做高血压筛查，但检测高血压标签与测量当前 BP 是不同任务。,强表征模型，不能把 AUROC 0.877 宣传成 cuffless BP 精度。,冻结 fingerprint 下游可单 PPG 推理；不需当前 BP，训练期使用 ECG。,摘要未报告患者级拆分细节；跨模态配对本身不是 BP 泄露，但高血压任务需防同一患者跨集合。,已完成重点审核,verified,2026,arXiv 题名与首次提交日期核验,当前年份按本记录所对应的正式文章或预印本版本填写。,not applicable,,not reported,该研究不是连续 BP estimator。,not_reported,可得来源未明确证明 subject-disjoint；已按未知项保留，不视为通过。,false,,未确认独立外部队列验证。,not-a-bp-estimator,非 BP 测量任务,PPG | ECG,false,冻结 fingerprint 下游可单 PPG 推理；不需当前 BP，训练期使用 ECG。,medium,not applicable,not applicable,not applicable,not applicable,not applicable,划分单位未充分报告，随机或重叠窗口泄露不能排除。,未充分报告 subject-disjoint，按未知风险保留。,摘要未报告患者级拆分细节；跨模态配对本身不是 BP 泄露，但高血压任务需防同一患者跨集合。,priority-reviewed,2026-08-24,已依据可得 primary abstract/full text 完成重点审核；未公开项目明确标为未报告，不以推断代替证据。
ppgbp-017-cardiac-health-assessment-across-scenarios-and-devices-using-a-multimoda,Cardiac health assessment across scenarios and devices using a multimodal foundation model pretrained on data from 1.7 million individuals,2026,2026-08-13,paper,Nature Machine Intelligence,10.1038/s42256-026-01180-5,https://doi.org/10.1038/s42256-026-01180-5,primary-metadata/abstract,PPG | foundation model,not_reported,not_reported,Transformer+generative masked pretraining，整合约 170 万人的多源 cardiac signals 及临床或机器生成文本报告。,在诊断、人口学识别、vital sign、结局预测与 ECG QA 中整体优于 one-modal-one-task，并支持 12 导、单导 ECG、PPG-only 或联合输入；摘要未给统一数值。,用统一 cardiac sensing foundation model 适配不同设备、ECG 导联和 PPG/ECG 输入组合。,Transformer+generative masked pretraining，整合约 170 万人的多源 cardiac signals 及临床或机器生成文本报告。,在诊断、人口学识别、vital sign、结局预测与 ECG QA 中整体优于 one-modal-one-task，并支持 12 导、单导 ECG、PPG-only 或联合输入；摘要未给统一数值。,跨设备多模态适配能力强，但不是专门的无袖带 BP 验证。,适合做通用 cardiac encoder；任何 BP 下游仍需查看具体数据集和患者级外部测试。,可按场景使用 PPG-only、ECG-only 或联合输入；无需当前 BP。,多源预训练的患者重叠和文本标签来源摘要未完全说明；下游需独立审计。,已完成重点审核,verified,2026,Crossref 精确题名/年份与可得 primary abstract/full text 核验,当前年份按本记录所对应的正式文章或预印本版本填写。,not applicable,,not reported,该研究不是连续 BP estimator。,not_reported,可得来源未明确证明 subject-disjoint；已按未知项保留，不视为通过。,false,,未确认独立外部队列验证。,not-a-bp-estimator,非 BP 测量任务,not_reported,false,可按场景使用 PPG-only、ECG-only 或联合输入；无需当前 BP。,medium,not applicable,not applicable,not applicable,not applicable,not applicable,划分单位未充分报告，随机或重叠窗口泄露不能排除。,未充分报告 subject-disjoint，按未知风险保留。,多源预训练的患者重叠和文本标签来源摘要未完全说明；下游需独立审计。,priority-reviewed,2026-08-24,已依据可得 primary abstract/full text 完成重点审核；未公开项目明确标为未报告，不以推断代替证据。
ppgbp-018-foundation-models-enable-wearable-signal-screening-for-cardiovascular-di,Foundation models enable wearable signal screening for cardiovascular disease among people living with HIV,2026,2026-08-13,paper,Communications Medicine,10.1038/s43856-025-01331-6,https://doi.org/10.1038/s43856-025-01331-6,primary-metadata/abstract,PPG | foundation model | wearable deployment,not_reported,IMU/context (possible),80 名越南 HIV 感染者中比较 NormWear zero-shot、冻结 PaPaGei embedding+本地 classifier、PCA 和传统临床模型。,13 人有心脏科确认 CVD；PaPaGei AUROC 0.769、AP 0.489，高于 NormWear 0.610/0.226 与 PCA 0.651/0.208，但阳性仅 13 例。,评估 PPG foundation model 能否在资源有限、HIV 人群中进行低成本 CVD 筛查。,80 名越南 HIV 感染者中比较 NormWear zero-shot、冻结 PaPaGei embedding+本地 classifier、PCA 和传统临床模型。,13 人有心脏科确认 CVD；PaPaGei AUROC 0.769、AP 0.489，高于 NormWear 0.610/0.226 与 PCA 0.651/0.208，但阳性仅 13 例。,冻结 embedding 加少量本地标签可行，但小样本置信度有限，需更大多中心验证。,这是 CVD screening pilot，不是 BP 测量论文；局部 classifier 仍需要标签。,推理需 PPG 与已训练的本地 classifier；不需当前 BP，也不需 foundation model fine-tuning。,摘要未说明交叉验证是否完全按人；病例极少，过拟合和不稳定性比 BP target leakage 更关键。,已完成重点审核,verified,2026,Crossref 精确题名/年份与可得 primary abstract/full text 核验,当前年份按本记录所对应的正式文章或预印本版本填写。,not applicable,,not reported,该研究不是连续 BP estimator。,not_reported,可得来源未明确证明 subject-disjoint；已按未知项保留，不视为通过。,false,,未确认独立外部队列验证。,not-a-bp-estimator,非 BP 测量任务,PPG | locally trained classifier,false,推理需 PPG 与已训练的本地 classifier；不需当前 BP，也不需 foundation model fine-tuning。,medium,not applicable,not applicable,not applicable,not applicable,not applicable,划分单位未充分报告，随机或重叠窗口泄露不能排除。,未充分报告 subject-disjoint，按未知风险保留。,摘要未说明交叉验证是否完全按人；病例极少，过拟合和不稳定性比 BP target leakage 更关键。,priority-reviewed,2026-08-24,已依据可得 primary abstract/full text 完成重点审核；未公开项目明确标为未报告，不以推断代替证据。
ppgbp-019-pulselm-a-foundation-dataset-and-benchmark-for-ppg-text-learning,PulseLM: A Foundation Dataset and Benchmark for PPG-Text Learning,2026,2026-08-13,dataset-paper,arXiv,,https://arxiv.org/abs/2603.03331,primary-metadata,PPG | foundation dataset | PPG-text | question answering,15 public PPG sources,PPG | text question,Harmonized PPG segments paired with physiological question–answer tasks.,About 1.31 million 10-second PPG segments and 3.15 million QA pairs across 12 physiological QA tasks.,把 PPG 波形与生理问答文本连接起来，建立可用于多任务训练的 PPG-text 数据集和 benchmark。,统一整理 PPG 片段，并为 12 类生理任务构造问答对，用于训练和评估 PPG 与文本联合模型。,数据包含约 131 万个 10 秒 PPG 片段和 315 万组问答对，覆盖 12 个生理 QA 任务。,PulseLM 的主要贡献是数据和多任务接口，不是证明无袖带绝对 BP 已达到临床准确性。,适合做表征学习与问答研究，不能把数据规模直接换算成 BP 产品性能。,可作为下游多任务模型底座；具体 BP head 仍需单独验证。,数据构建本身不等于安全评估；复用时必须按受试者划分，并核对问答标签是否来自目标 BP。,已完成重点审核,verified,2026,此前重点深审记录,当前年份按本记录所对应的正式文章或预印本版本填写。,not applicable,0,not applicable,"Dataset/benchmark, not a cuffless BP calibration method.",varies-by-source/task,Must preserve subject IDs from each constituent dataset.,false,,"Benchmark aggregation, not clinical BP validation.",research-enabler,研究基础设施,PPG | task/question specification,false,Useful for multitask representation; does not validate absolute BP measurement.,medium,not applicable to dataset itself,varies by source dataset,source-dependent,source-dependent,not applicable,high risk if constituent windows are randomly split,must be actively prevented,Aggregating many sources amplifies split-provenance risk.,priority-reviewed,2026-08-24,重点深审。
ppgbp-020-integrating-biophysical-dynamics-with-a-data-driven-method-for-blood-pre,Integrating biophysical dynamics with a data-driven method for blood pressure estimation using photoplethysmography,2026,2026-08-14,paper,Biomedical Signal Processing and Control,10.1016/j.bspc.2026.110445,https://doi.org/10.1016/j.bspc.2026.110445,primary-metadata,PPG | cuffless BP,not_reported,PPG,LSTM 数据驱动分支与 three-element Windkessel ODE 约束组成 PINN；跨人采用 leave-one-subject-out，个体化模拟 ICU→ambulatory 并严格时间分离。,跨人时 SBP MAE 17.56→13.86 mmHg（改善 21.07%），DBP 10.47→9.55（8.79%）；个体化场景与普通 baseline 相当，无显著优势。,把 Windkessel 血流动力学约束加入 PPG→BP，比较其对跨人与个体化场景的帮助。,LSTM 数据驱动分支与 three-element Windkessel ODE 约束组成 PINN；跨人采用 leave-one-subject-out，个体化模拟 ICU→ambulatory 并严格时间分离。,跨人时 SBP MAE 17.56→13.86 mmHg（改善 21.07%），DBP 10.47→9.55（8.79%）；个体化场景与普通 baseline 相当，无显著优势。,物理约束改善跨人结果但误差仍高，在已有个人数据时并未证明额外收益。,PINN 不是自动提高精度的保证；当前跨人误差离部署仍远。,跨人推理可 PPG-only；个体化版本需要历史个人 PPG+BP 校准，不需当前 BP。,LOSO 与严格时间分离降低 window/subject leakage；未见当前 BP 反归一化，风险较低。,已完成重点审核,verified,2026,Crossref 近似题名与 DOI 核验,当前年份按本记录所对应的正式文章或预印本版本填写。,not reported,,not reported,可得摘要/正文信息未报告个人 cuff calibration。,true,跨人采用 leave-one-subject-out，个体化采用严格时间分离。,false,,未确认独立外部队列验证。,research-only,研究验证阶段,PPG,false,跨人推理可 PPG-only；个体化版本需要历史个人 PPG+BP 校准，不需当前 BP。,low,未发现逐窗当前 BP/ABP 反归一化；若来源未公开细节则仍保留未确认。,参考 BP/ABP 用于同步监督或设备对照；未见推理期按当前目标对齐。,BP/ABP 用于生成监督窗口；窗口与受试者隔离按论文披露程度审计。,未见明确用当前 BP 选择 PPG 质量；未披露者不按已排除处理。,可得来源未报告个人目标 BP 校准。,有受试者/队列隔离证据；重叠窗口细节仍以全文为准。,已报告 subject-disjoint、LOSO 或独立队列。,LOSO 与严格时间分离降低 window/subject leakage；未见当前 BP 反归一化，风险较低。,priority-reviewed,2026-08-24,已依据可得 primary abstract/full text 完成重点审核；未公开项目明确标为未报告，不以推断代替证据。
ppgbp-021-last-cbpm-photoplethysmography-based-quasi-continuous-blood-pressure-mon,LAST-CBPM: photoplethysmography-based quasi-continuous blood pressure monitoring algorithm,2026,2026-08-14,paper,Biomedical Signal Processing and Control,10.1016/j.bspc.2026.109723,https://doi.org/10.1016/j.bspc.2026.109723,primary-metadata/abstract,PPG | cuffless BP | wearable deployment,not_reported,PPG | IMU/context (possible),Daubechies-6 wavelet 去噪，temporal self-attention+BiLSTM 做群体估计，再用 ST-ResNet 和静息 baseline BP 做个人校准。,"MIMIC-IV SBP/DBP MAE 2.73±2.17/2.16±2.35 mmHg；自建 RTW-CV 88 人、10,754 分钟上为 4.87±5.89/4.52±4.38，论文称达到 AAMI/BHS Grade A/IEEE-SA。",用单通道 PPG 做 quasi-continuous BP，并通过 subject-specific calibration 适应真实可穿戴域。,Daubechies-6 wavelet 去噪，temporal self-attention+BiLSTM 做群体估计，再用 ST-ResNet 和静息 baseline BP 做个人校准。,"MIMIC-IV SBP/DBP MAE 2.73±2.17/2.16±2.35 mmHg；自建 RTW-CV 88 人、10,754 分钟上为 4.87±5.89/4.52±4.38，论文称达到 AAMI/BHS Grade A/IEEE-SA。",外部可穿戴结果优于很多纯医院模型，但依赖个人静息 BP，且摘要未证明完整器械标准协议。,是有现实域验证的校准型方案，不是 calibration-free。,推理需单通道 PPG 和已保存的个人静息 baseline BP；当前时刻无需 cuff BP。,历史 baseline 属 target-dependent calibration；当前 BP 未进入推理。subject split 未在摘要明确，风险中等。,已完成重点审核,verified,2026,Crossref 精确题名/年份与可得 primary abstract/full text 核验,当前年份按本记录所对应的正式文章或预印本版本填写。,resting baseline BP,,onboarding,静息 baseline BP 用于 ST-ResNet 个体校准。,not_reported,可得来源未明确证明 subject-disjoint；已按未知项保留，不视为通过。,true,自建 RTW-CV 可穿戴队列,存在独立数据/队列测试；仍按论文具体任务解释。,conditional,有条件可部署,PPG | stored baseline BP/personal parameters,false,推理需单通道 PPG 和已保存的个人静息 baseline BP；当前时刻无需 cuff BP。,medium,未发现逐窗当前 BP/ABP 反归一化；若来源未公开细节则仍保留未确认。,参考 BP/ABP 用于同步监督或设备对照；未见推理期按当前目标对齐。,BP/ABP 用于生成监督窗口；窗口与受试者隔离按论文披露程度审计。,未见明确用当前 BP 选择 PPG 质量；未披露者不按已排除处理。,静息 baseline BP 用于 ST-ResNet 个体校准。,划分单位未充分报告，随机或重叠窗口泄露不能排除。,未充分报告 subject-disjoint，按未知风险保留。,历史 baseline 属 target-dependent calibration；当前 BP 未进入推理。subject split 未在摘要明确，风险中等。,priority-reviewed,2026-08-24,已依据可得 primary abstract/full text 完成重点审核；未公开项目明确标为未报告，不以推断代替证据。
ppgbp-022-calibration-based-continuous-blood-pressure-estimation-using-pulse-deriv,Calibration-based continuous blood pressure estimation using pulse-derived signals and feature normalization,2026,2026-08-14,paper,Biomedical Signal Processing and Control,10.1016/j.bspc.2026.109852,https://doi.org/10.1016/j.bspc.2026.109852,primary-full-text,PPG | cuffless BP | calibration/personalization,not_reported,PPG,三个 CNN encoder 提取 PPG 及一、二阶导数特征，以无参数 affine transformation 注入 BP 信息，再用带 squeeze-excitation 的 RBSE block 回归。,在 VitalDB 与 BP-UCI 上优于论文比较的 baseline，并声称满足 AAMI、BHS Grade A；可得摘要未给可独立核对的完整 MAE 表。,融合 PPG、VPPG、APPG 的多阶脉搏形态，并用参考 BP 校准连续 SBP/DBP。,三个 CNN encoder 提取 PPG 及一、二阶导数特征，以无参数 affine transformation 注入 BP 信息，再用带 squeeze-excitation 的 RBSE block 回归。,在 VitalDB 与 BP-UCI 上优于论文比较的 baseline，并声称满足 AAMI、BHS Grade A；可得摘要未给可独立核对的完整 MAE 表。,多阶导数和校准可能提高同域结果，但 BP normalization/reference 的使用边界决定是否可部署。,必须把参考 BP 是历史校准值还是测试当前值写清楚；在此之前不能按免校准模型解读。,至少需要 PPG 和历史 reference BP/normalization 参数；当前参考 BP 是否完全不参与尚需方法图逐步复核。,存在 target-dependent calibration；未发现明确逐窗真实 BP 反归一化证据，但摘要不足以排除，风险中高。,已完成重点审核,verified,2025 预印本 / 2026 期刊,Elsevier 期刊文章核验,SSRN 预印本发布于 2025 年；当前记录对应 2026 年正式期刊文章。,reference-BP calibration,,before/within estimation pipeline,BP normalization/affine calibration 的边界需结合全文流程理解。,not_reported,可得来源未明确证明 subject-disjoint；已按未知项保留，不视为通过。,false,,未确认独立外部队列验证。,conditional,有条件可部署,PPG/VPPG/APPG | stored reference-BP calibration,false,至少需要 PPG 和历史 reference BP/normalization 参数；当前参考 BP 是否完全不参与尚需方法图逐步复核。,medium-to-high,未发现逐窗当前 BP/ABP 反归一化；若来源未公开细节则仍保留未确认。,参考 BP/ABP 用于同步监督或设备对照；未见推理期按当前目标对齐。,BP/ABP 用于生成监督窗口；窗口与受试者隔离按论文披露程度审计。,未见明确用当前 BP 选择 PPG 质量；未披露者不按已排除处理。,BP normalization/affine calibration 的边界需结合全文流程理解。,划分单位未充分报告，随机或重叠窗口泄露不能排除。,未充分报告 subject-disjoint，按未知风险保留。,存在 target-dependent calibration；未发现明确逐窗真实 BP 反归一化证据，但摘要不足以排除，风险中高。,priority-reviewed,2026-08-24,已依据可得 primary abstract/full text 完成重点审核；未公开项目明确标为未报告，不以推断代替证据。
ppgbp-023-personalized-calibration-and-hybrid-feature-fusion-for-continuous-blood-,Personalized Calibration and Hybrid Feature Fusion for Continuous Blood Pressure Estimation Using PPG and ECG Signals,2026,2026-08-14,paper,Sensors,10.3390/s26154676,https://doi.org/10.3390/s26154676,primary-metadata/abstract,PPG | cuffless BP | calibration/personalization,not_reported,PPG | ECG,从 ECG/PPG 提取 PTT、HRV、PPG morphology，并用 masked reconstruction encoder 学 embedding；把最早 calibration file 的 base BP 通过 alpha-weighted 策略加入 XGBoost。,私有数据与 BP-UCI 的 SBP/DBP MAE 分别为 7.25/3.98 和 7.85/4.02 mmHg；作者仅表述为当前实验下的方法可行性。,在小样本条件下融合手工生理特征、自监督波形表示和个人 baseline BP。,从 ECG/PPG 提取 PTT、HRV、PPG morphology，并用 masked reconstruction encoder 学 embedding；把最早 calibration file 的 base BP 通过 alpha-weighted 策略加入 XGBoost。,私有数据与 BP-UCI 的 SBP/DBP MAE 分别为 7.25/3.98 和 7.85/4.02 mmHg；作者仅表述为当前实验下的方法可行性。,个体 baseline 有帮助，但 SBP 仍偏高，且需要更大、更丰富队列。,这是明确的个体校准模型，成绩不能与免校准或 subject-independent 方法直接比较。,推理需 ECG+PPG、已保存的个人 base BP 和模型特征；当前 BP 不需要。,最早文件作校准可避免当前目标直接输入，但校准/测试文件与 subject split 细节未充分报告，风险中等。,已完成重点审核,verified,2026,Crossref 精确题名/年份与可得 primary abstract/full text 核验,当前年份按本记录所对应的正式文章或预印本版本填写。,personal baseline BP,,earliest calibration file,使用个人最早 calibration file 的 base BP。,not_reported,可得来源未明确证明 subject-disjoint；已按未知项保留，不视为通过。,false,,未确认独立外部队列验证。,conditional,有条件可部署,PPG | ECG | stored personal base BP,false,推理需 ECG+PPG、已保存的个人 base BP 和模型特征；当前 BP 不需要。,medium,未发现逐窗当前 BP/ABP 反归一化；若来源未公开细节则仍保留未确认。,参考 BP/ABP 用于同步监督或设备对照；未见推理期按当前目标对齐。,BP/ABP 用于生成监督窗口；窗口与受试者隔离按论文披露程度审计。,未见明确用当前 BP 选择 PPG 质量；未披露者不按已排除处理。,使用个人最早 calibration file 的 base BP。,划分单位未充分报告，随机或重叠窗口泄露不能排除。,未充分报告 subject-disjoint，按未知风险保留。,最早文件作校准可避免当前目标直接输入，但校准/测试文件与 subject split 细节未充分报告，风险中等。,priority-reviewed,2026-08-24,已依据可得 primary abstract/full text 完成重点审核；未公开项目明确标为未报告，不以推断代替证据。
ppgbp-024-cuffless-hemodynamic-monitoring-with-physics-informed-machine-learning-m,Cuffless hemodynamic monitoring with physics-informed machine learning models,2026,2026-08-15,paper,Nature Communications,10.1038/s41467-026-72693-1,https://www.nature.com/articles/s41467-026-72693-1,primary-full-text,BioZ | cuffless BP | sPINN | physics-informed ML | smartwatch,PulseDB + synthetic BioZ | 75 healthy participants | hypertension/CVD clinical cohorts | one-year pilot,wrist BioZ resistance/reactance | space-time coordinates | optional anthropometric/anatomical metadata,BioZ signal encoder plus signal-tagged PINN constrained by Navier–Stokes/elastic-tube physics predicts BP and radial/axial velocity fields.,Cross-sectional r² ranges about 0.588–0.854 across cohorts; subject-specific models reached higher r². One-year pilot required daily recalibration to maintain performance.,用 BioZ 和物理约束模型同时估计 BP 与血流动力学状态，并观察长期使用时是否稳定。,BioZ encoder 与 signal-tagged PINN 结合，用 Navier–Stokes 和弹性管模型约束 BP 及径向/轴向速度场。,不同队列的横断面 r² 约 0.588–0.854，个体专属模型更高；一年 pilot 中需要每日重新校准才能维持表现。,物理约束提高了可解释性，但长期稳定性仍依赖高频校准，当前硬件续航也限制连续部署。,是很有价值的 BioZ+sPINN 研究原型，还不是低维护、长期自主运行的设备。,报告配置下连续 BLE 续航约 6 小时，长期使用还需要每日 recalibration。,需要明确每日重新校准使用的参考 BP；若同日测试紧邻校准，长期泛化可能被高估。,已完成重点审核,verified,2026,此前重点深审记录,当前年份按本记录所对应的正式文章或预印本版本填写。,population model plus optional subject-specific/daily recalibration,,daily in longitudinal pilot,"Despite calibration-free framing, full text reports limited longitudinal generalization and daily recalibration in the pilot.",mixed/limited,Population-wide results are shown without test-exclusive patients; subject-specific results are not unseen-subject generalization.,clinical feasibility cohorts,"healthy, hypertension, CVD and ICU/outpatient cohorts",No established cuffless BP validation protocol yet.,promising-but-not-ready,硬件可穿戴，算法纵向稳定性不足,wrist BioZ | stored model | optional demographics | possibly recent recalibration,not for each estimate; daily reference may be needed longitudinally,Watch battery about 6 h under continuous BLE in reported configuration.,high evaluation/generalization risk,not identified as current-window inverse scaling,paired BP used to train adaptive filter,paired signals used in training,unknown,daily reference recalibration in longitudinal pilot,not fully audited,population results not test-exclusive; subject-specific models are personalized,"Not necessarily classic target leakage, but evidence does not establish calibration-free unseen-user longitudinal deployment.",priority-reviewed,2026-08-24,重点深审。
ppgbp-025-apnea-burden-guided-framework-enhancing-out-of-distribution-generalizati,Apnea Burden-Guided Framework: Enhancing Out-of-Distribution Generalization in PPG-Based Sleep Apnea Characterization,2026,2026-08-15,paper,arXiv,,https://arxiv.org/abs/2608.12229,primary-abstract,PPG,not_reported,PPG,先回归连续 apnea burden，再转成 AHI 并做四级 subject-level 分类；比较三种 ANN，并在独立外部数据做 OOD 测试。,OOD 时 PPG+SpO₂ 相比 SpO₂-only 的 macro sensitivity、accuracy、F1、kappa、MCC 分别提高约 15.72%、9.22%、16.01%、11.08%、13.22%；低复杂度 convolutional-recurrent 最佳。,用 PPG morphology 补充 SpO₂，提高 sleep apnea 严重度在外部域的泛化。,先回归连续 apnea burden，再转成 AHI 并做四级 subject-level 分类；比较三种 ANN，并在独立外部数据做 OOD 测试。,OOD 时 PPG+SpO₂ 相比 SpO₂-only 的 macro sensitivity、accuracy、F1、kappa、MCC 分别提高约 15.72%、9.22%、16.01%、11.08%、13.22%；低复杂度 convolutional-recurrent 最佳。,PPG 波形为睡眠呼吸暂停提供了 SpO₂ 之外的信息，且外部域结果积极；它不是 BP estimator。,适合居家 sleep-apnea screening，不能归入无袖带 BP 精度证据。,推理需 PPG+SpO₂，不需 cuff BP；低复杂度模型适合 wearable/home monitoring。,有独立 OOD 数据和 subject-level 输出；摘要未给训练内部拆分细节，但 BP target leakage 不适用。,已完成重点审核,verified,2026,arXiv 题名与首次提交日期核验,当前年份按本记录所对应的正式文章或预印本版本填写。,not applicable,,not reported,该研究不是连续 BP estimator。,true,输出与外部评估均为 subject-level。,true,独立 OOD sleep dataset,存在独立数据/队列测试；仍按论文具体任务解释。,not-a-bp-estimator,非 BP 测量任务,PPG | SpO2,false,推理需 PPG+SpO₂，不需 cuff BP；低复杂度模型适合 wearable/home monitoring。,medium,not applicable,not applicable,not applicable,not applicable,not applicable,有受试者/队列隔离证据；重叠窗口细节仍以全文为准。,已报告 subject-disjoint、LOSO 或独立队列。,有独立 OOD 数据和 subject-level 输出；摘要未给训练内部拆分细节，但 BP target leakage 不适用。,priority-reviewed,2026-08-24,已依据可得 primary abstract/full text 完成重点审核；未公开项目明确标为未报告，不以推断代替证据。
ppgbp-026-external-conditioning-of-data-collection-enhances-the-information-conten,External conditioning of data collection enhances the information content from wearable sensors,2026,2026-08-15,paper,npj Cardiovascular Health,10.1038/s44325-026-00144-3,https://doi.org/10.1038/s44325-026-00144-3,primary-metadata/abstract,PPG | wearable deployment,not_reported,IMU/context (possible),基于 Apple Heart and Movement Study 的 1-minute SDNN，比对被动 circadian perturbation 与主动 mindful breathing，并控制年龄、性别、BMI。,被动扰动未带来显著增益；mindful HRV 相比 non-mindful 的 AUROC 提高 0.026–0.180，调整协变量后 7 种疾病中 5 种仍显著。,检验主动引导的数据采集，是否比被动 smartwatch HRV 更能表征 cardiometabolic disease。,基于 Apple Heart and Movement Study 的 1-minute SDNN，比对被动 circadian perturbation 与主动 mindful breathing，并控制年龄、性别、BMI。,被动扰动未带来显著增益；mindful HRV 相比 non-mindful 的 AUROC 提高 0.026–0.180，调整协变量后 7 种疾病中 5 种仍显著。,短时标准化呼吸能提高 wearable HRV 的信息量；结果是疾病表型，不是 BP 测量。,采集协议本身会改变信号价值，提示不能只比较模型结构。,需 Apple Watch HRV/PPG 衍生指标、呼吸提示和可选人口学信息；无需当前 BP。,未使用 BP 目标；摘要未披露患者级拆分，疾病标签泄露风险仍需下游确认。,已完成重点审核,verified,2026,Crossref 精确题名/年份与可得 primary abstract/full text 核验,当前年份按本记录所对应的正式文章或预印本版本填写。,not applicable,,not reported,该研究不是连续 BP estimator。,not_reported,可得来源未明确证明 subject-disjoint；已按未知项保留，不视为通过。,false,,未确认独立外部队列验证。,not-a-bp-estimator,非 BP 测量任务,Apple Watch HRV/PPG-derived features | mindful-breathing context,false,需 Apple Watch HRV/PPG 衍生指标、呼吸提示和可选人口学信息；无需当前 BP。,medium,not applicable,not applicable,not applicable,not applicable,not applicable,划分单位未充分报告，随机或重叠窗口泄露不能排除。,未充分报告 subject-disjoint，按未知风险保留。,未使用 BP 目标；摘要未披露患者级拆分，疾病标签泄露风险仍需下游确认。,priority-reviewed,2026-08-24,已依据可得 primary abstract/full text 完成重点审核；未公开项目明确标为未报告，不以推断代替证据。
ppgbp-027-a-four-wavelength-photoplethysmography-dataset-for-non-invasive-hemoglob,A Four-Wavelength Photoplethysmography dataset for non-invasive hemoglobin assessment,2026,2026-08-15,dataset-paper,Scientific Data,10.1038/s41597-026-06945-6,https://doi.org/10.1038/s41597-026-06945-6,primary-metadata/abstract,PPG | dataset/benchmark,not_reported,PPG,"252 名成人采集 660/730/850/940 nm PPG，共 1,008 个 segment，并配套 Hb、fasting glucose、brachial SBP/DBP 标签。",论文主要贡献是数据资源与质量说明，没有报告已完成临床验证的 Hb/BP estimator。,发布可用于无创 Hb、血糖和 BP 研究的四波长 PPG 数据集。,"252 名成人采集 660/730/850/940 nm PPG，共 1,008 个 segment，并配套 Hb、fasting glucose、brachial SBP/DBP 标签。",论文主要贡献是数据资源与质量说明，没有报告已完成临床验证的 Hb/BP estimator。,多波长与多标签对模型研究有价值，但 segment 数量不能替代受试者级泛化。,"使用时必须按 252 名参与者划分，不能随机拆 1,008 段。",数据集本身不可部署；下游硬件至少需四波长 PPG，具体任务决定是否需校准。,构建阶段未见目标反归一化；若同一人的多段跨训练/测试会产生明显 subject leakage。,已完成重点审核,verified,2026,Crossref 精确题名/年份与可得 primary abstract/full text 核验,当前年份按本记录所对应的正式文章或预印本版本填写。,not applicable,,not reported,该研究不是连续 BP estimator。,not_reported,可得来源未明确证明 subject-disjoint；已按未知项保留，不视为通过。,false,,未确认独立外部队列验证。,not-a-bp-estimator,非 BP 测量任务,PPG,false,数据集本身不可部署；下游硬件至少需四波长 PPG，具体任务决定是否需校准。,medium,not applicable,not applicable,not applicable,not applicable,not applicable,划分单位未充分报告，随机或重叠窗口泄露不能排除。,未充分报告 subject-disjoint，按未知风险保留。,构建阶段未见目标反归一化；若同一人的多段跨训练/测试会产生明显 subject leakage。,priority-reviewed,2026-08-24,已依据可得 primary abstract/full text 完成重点审核；未公开项目明确标为未报告，不以推断代替证据。
ppgbp-028-towards-trustworthy-ai-driven-cuffless-blood-pressure-monitoring,Towards trustworthy AI-driven cuffless blood pressure monitoring,2026,2026-08-15,paper,npj Digital Medicine,10.1038/s41746-026-02898-7,https://doi.org/10.1038/s41746-026-02898-7,primary-metadata/abstract,PPG | cuffless BP | signal quality/trustworthiness | wearable deployment,not_reported,PPG | IMU/context (possible),系统综述建立 surrogate signal–modeling paradigm–calibration 的多轴 taxonomy，再按 ML best practices 审视 protocol realism、drift、diversity 与 fairness。,论文识别的核心缺口包括真实协议不足、校准漂移、人群多样性与公平性报告不全，并给出 model-card-style reporting framework。,系统整理 cuffless BP 的信号、模型与校准策略，并提出可信报告框架。,系统综述建立 surrogate signal–modeling paradigm–calibration 的多轴 taxonomy，再按 ML best practices 审视 protocol realism、drift、diversity 与 fairness。,论文识别的核心缺口包括真实协议不足、校准漂移、人群多样性与公平性报告不全，并给出 model-card-style reporting framework。,当前文献的高分不可直接横向比较；临床有效性必须连同用途、人群、校准和场景一起解释。,这是审计方法论文，不提供单个模型的 SBP/DBP 性能。,不属于可部署算法；可直接作为本数据库的报告字段与审核清单依据。,重点覆盖 calibration、split、protocol 与 fairness；综述本身无 ABP 推理泄露。,已完成重点审核,verified,2026,Crossref 精确题名/年份与可得 primary abstract/full text 核验,当前年份按本记录所对应的正式文章或预印本版本填写。,not applicable,,not reported,该研究不是连续 BP estimator。,not_reported,可得来源未明确证明 subject-disjoint；已按未知项保留，不视为通过。,false,,未确认独立外部队列验证。,not-a-bp-estimator,非 BP 测量任务,PPG,false,不属于可部署算法；可直接作为本数据库的报告字段与审核清单依据。,medium,not applicable,not applicable,not applicable,not applicable,not applicable,划分单位未充分报告，随机或重叠窗口泄露不能排除。,未充分报告 subject-disjoint，按未知风险保留。,重点覆盖 calibration、split、protocol 与 fairness；综述本身无 ABP 推理泄露。,priority-reviewed,2026-08-24,已依据可得 primary abstract/full text 完成重点审核；未公开项目明确标为未报告，不以推断代替证据。
ppgbp-029-from-ppg-to-blood-pressure-at-the-edge-quantization-aware-architecture-s,From PPG to Blood Pressure at the Edge: Quantization-Aware Architecture Selection and On-MCU Validation,2026,2026-08-16,paper,Sensors,10.3390/s26092674,https://doi.org/10.3390/s26092674,primary-metadata/abstract,PPG | cuffless BP | wearable deployment,not_reported,PPG,比较多种 1D-CNN 的浮点误差、模型体积与 quantization robustness，选择 compact residual 1D-CNN，部署到 STM32N6 的 integer-only 工具链。,部分轻量 CNN 在 INT8 后明显漂移，选中模型量化前后误差统计接近，并在 MCU 上满足实时约束；摘要未给可核对的 SBP/DBP MAE、延迟和内存数值。,找出 INT8 后仍保留 BP 精度的 PPG-only 网络，并在 MCU 上完成真实推理。,比较多种 1D-CNN 的浮点误差、模型体积与 quantization robustness，选择 compact residual 1D-CNN，部署到 STM32N6 的 integer-only 工具链。,部分轻量 CNN 在 INT8 后明显漂移，选中模型量化前后误差统计接近，并在 MCU 上满足实时约束；摘要未给可核对的 SBP/DBP MAE、延迟和内存数值。,浮点精度不能预测端侧表现，量化稳定性应成为 BP 模型选择维度。,工程部署证据较好，但没有完整临床/外部准确性数字，不能仅凭 on-device 运行宣称可用。,推理只需单通道 PPG，在 STM32N6 本地运行，不需 cloud 或当前 BP。,摘要未说明 subject split、ABP normalization 与质量筛选，BP 性能可信度仍属中等风险。,已完成重点审核,verified,2026,Crossref 精确题名/年份与可得 primary abstract/full text 核验,当前年份按本记录所对应的正式文章或预印本版本填写。,not reported,,not reported,可得摘要/正文信息未报告个人 cuff calibration。,not_reported,可得来源未明确证明 subject-disjoint；已按未知项保留，不视为通过。,false,,未确认独立外部队列验证。,research-only,研究验证阶段,single-channel PPG,false,推理只需单通道 PPG，在 STM32N6 本地运行，不需 cloud 或当前 BP。,medium,未发现逐窗当前 BP/ABP 反归一化；若来源未公开细节则仍保留未确认。,参考 BP/ABP 用于同步监督或设备对照；未见推理期按当前目标对齐。,BP/ABP 用于生成监督窗口；窗口与受试者隔离按论文披露程度审计。,未见明确用当前 BP 选择 PPG 质量；未披露者不按已排除处理。,可得来源未报告个人目标 BP 校准。,划分单位未充分报告，随机或重叠窗口泄露不能排除。,未充分报告 subject-disjoint，按未知风险保留。,摘要未说明 subject split、ABP normalization 与质量筛选，BP 性能可信度仍属中等风险。,priority-reviewed,2026-08-24,已依据可得 primary abstract/full text 完成重点审核；未公开项目明确标为未报告，不以推断代替证据。
ppgbp-030-blood-pressure-estimation-using-single-photoplethysmography-signal-based,Blood pressure estimation using single photoplethysmography signal based on ResNet-BiGRU,2026,2026-08-16,paper,Biomedical Engineering / Biomedizinische Technik,10.1515/bmt-2025-0285,https://doi.org/10.1515/bmt-2025-0285,primary-metadata/abstract,PPG | cuffless BP,not_reported,PPG,UCI/MIMIC-II 942 人数据经 0.5–8 Hz 滤波、5 秒切窗，80/20 训练验证；在 VitalDB 手术患者上做外部评估。,UCI 的 SBP/DBP MAE 为 4.78/2.98 mmHg；VitalDB 上升至 8.15/4.59 mmHg。,用单通道 PPG 的 ResNet-BiGRU 同时捕捉 morphology 与时序信息，并测试跨数据集泛化。,UCI/MIMIC-II 942 人数据经 0.5–8 Hz 滤波、5 秒切窗，80/20 训练验证；在 VitalDB 手术患者上做外部评估。,UCI 的 SBP/DBP MAE 为 4.78/2.98 mmHg；VitalDB 上升至 8.15/4.59 mmHg。,跨数据集后 SBP 明显变差，说明同域成绩高估 wearable 泛化；摘要没有说明 80/20 是否按受试者。,外部验证值得肯定，但内部随机 window 可能泄露，不能把 4.78/2.98 当跨人结果。,推理只需单 PPG，不需当前 BP；尚未做真实 wearable/device 验证。,外部 VitalDB 降低同库泄露影响；内部切窗划分单位不明，window/subject leakage 风险中高。,已完成重点审核,verified,2026,Crossref 精确题名/年份与可得 primary abstract/full text 核验,当前年份按本记录所对应的正式文章或预印本版本填写。,not reported,,not reported,可得摘要/正文信息未报告个人 cuff calibration。,not_reported,可得来源未明确证明 subject-disjoint；已按未知项保留，不视为通过。,true,VitalDB,存在独立数据/队列测试；仍按论文具体任务解释。,research-only,研究验证阶段,PPG,false,推理只需单 PPG，不需当前 BP；尚未做真实 wearable/device 验证。,medium-to-high,未发现逐窗当前 BP/ABP 反归一化；若来源未公开细节则仍保留未确认。,参考 BP/ABP 用于同步监督或设备对照；未见推理期按当前目标对齐。,BP/ABP 用于生成监督窗口；窗口与受试者隔离按论文披露程度审计。,未见明确用当前 BP 选择 PPG 质量；未披露者不按已排除处理。,可得来源未报告个人目标 BP 校准。,划分单位未充分报告，随机或重叠窗口泄露不能排除。,未充分报告 subject-disjoint，按未知风险保留。,外部 VitalDB 降低同库泄露影响；内部切窗划分单位不明，window/subject leakage 风险中高。,priority-reviewed,2026-08-24,已依据可得 primary abstract/full text 完成重点审核；未公开项目明确标为未报告，不以推断代替证据。
ppgbp-031-utilizing-multi-ppg-sensor-site-information-in-a-localized-wrist-area-fo,Utilizing Multi-PPG-Sensor Site Information in a Localized Wrist Area for Improving Cuffless Blood Pressure Estimation,2026,2026-08-16,paper,IEEE Journal of Biomedical and Health Informatics,10.1109/jbhi.2025.3619070,https://doi.org/10.1109/jbhi.2025.3619070,primary-metadata/abstract,PPG | cuffless BP,not_reported,PPG,9-channel 单波长 PPG array；3M-BPNet 包含 signal trimming、Bayesian optimization 通道权重、RFR 与 personalized calibration。,121 人总体 9 通道 SBP/DBP MAE 4.84/3.28 mmHg；靠近桡动脉的最佳 5 通道 C5–C9 达 1.33/1.16，比单通道改善 72.6%/73.2%。,判断腕部不同 PPG sensor site 的信息能否融合，并找出最有效的局部通道组合。,9-channel 单波长 PPG array；3M-BPNet 包含 signal trimming、Bayesian optimization 通道权重、RFR 与 personalized calibration。,121 人总体 9 通道 SBP/DBP MAE 4.84/3.28 mmHg；靠近桡动脉的最佳 5 通道 C5–C9 达 1.33/1.16，比单通道改善 72.6%/73.2%。,传感位置与多通道融合影响很大，但极低误差依赖 personalized calibration 和通道选择。,硬件布局比盲目堆模型更关键；不能把 1.33/1.16 当免校准跨人性能。,需腕部 5 个局部 PPG site 和个人 BP 校准；当前时刻无需参考 BP。,历史 calibration 属目标依赖；摘要未说明受试者级划分及 Bayesian channel selection 是否仅用训练集，风险中高。,已完成重点审核,verified,2026,Crossref 精确题名/年份与可得 primary abstract/full text 核验,当前年份按本记录所对应的正式文章或预印本版本填写。,personalized calibration,,onboarding,多通道 RFR 使用个人校准。,not_reported,可得来源未明确证明 subject-disjoint；已按未知项保留，不视为通过。,false,,未确认独立外部队列验证。,conditional,有条件可部署,five-site wrist PPG | stored personal calibration,false,需腕部 5 个局部 PPG site 和个人 BP 校准；当前时刻无需参考 BP。,medium-to-high,未发现逐窗当前 BP/ABP 反归一化；若来源未公开细节则仍保留未确认。,参考 BP/ABP 用于同步监督或设备对照；未见推理期按当前目标对齐。,BP/ABP 用于生成监督窗口；窗口与受试者隔离按论文披露程度审计。,未见明确用当前 BP 选择 PPG 质量；未披露者不按已排除处理。,多通道 RFR 使用个人校准。,划分单位未充分报告，随机或重叠窗口泄露不能排除。,未充分报告 subject-disjoint，按未知风险保留。,历史 calibration 属目标依赖；摘要未说明受试者级划分及 Bayesian channel selection 是否仅用训练集，风险中高。,priority-reviewed,2026-08-24,已依据可得 primary abstract/full text 完成重点审核；未公开项目明确标为未报告，不以推断代替证据。
ppgbp-032-rethinking-ppg-based-sleep-staging-datasets-metrics-and-benchmarks,"Rethinking PPG-based Sleep Staging: Datasets, Metrics, and Benchmarks",2026,2026-08-16,paper,arXiv,,https://arxiv.org/abs/2608.00943,primary-abstract,PPG | dataset/benchmark,not_reported,PPG,用 Hidden Semi-Markov Model 把粗粒度 epoch label 扩展到秒级，在独立 expert-reviewed 数据和独立 sleep-wake 任务验证，再于 MESA 训练四种架构。,秒级监督使四种 baseline 对原 30 秒标签的 accuracy 提高 3.7–5.7 个百分点；在 CFS zero-shot 下仍保持迁移收益。,解决 30 秒 sleep-stage 标签与 PPG 在边界处快速变化之间的时间分辨率错配。,用 Hidden Semi-Markov Model 把粗粒度 epoch label 扩展到秒级，在独立 expert-reviewed 数据和独立 sleep-wake 任务验证，再于 MESA 训练四种架构。,秒级监督使四种 baseline 对原 30 秒标签的 accuracy 提高 3.7–5.7 个百分点；在 CFS zero-shot 下仍保持迁移收益。,更细标签能释放 PPG 边界信息；这是 sleep staging benchmark，不是 BP 研究。,时间标签设计和独立验证很有启发，尤其适合审计窗口任务。,推理需 PPG；秒级 pipeline 可供 wearable sleep staging，未涉及 BP 校准。,使用独立验证集和 CFS zero-shot 降低过拟合；需确保 MESA 同一夜/同一人不跨集合。,已完成重点审核,verified,2026,arXiv 题名与首次提交日期核验,当前年份按本记录所对应的正式文章或预印本版本填写。,not applicable,,not reported,该研究不是连续 BP estimator。,not_reported,可得来源未明确证明 subject-disjoint；已按未知项保留，不视为通过。,true,CFS zero-shot,存在独立数据/队列测试；仍按论文具体任务解释。,not-a-bp-estimator,非 BP 测量任务,PPG,false,推理需 PPG；秒级 pipeline 可供 wearable sleep staging，未涉及 BP 校准。,medium,not applicable,not applicable,not applicable,not applicable,not applicable,划分单位未充分报告，随机或重叠窗口泄露不能排除。,未充分报告 subject-disjoint，按未知风险保留。,使用独立验证集和 CFS zero-shot 降低过拟合；需确保 MESA 同一夜/同一人不跨集合。,priority-reviewed,2026-08-24,已依据可得 primary abstract/full text 完成重点审核；未公开项目明确标为未报告，不以推断代替证据。
ppgbp-033-roadmap-of-remote-photoplethysmography-from-heart-rate-measurement-towar,Roadmap of remote photoplethysmography from heart rate measurement toward clinical translation,2026,2026-08-16,review,npj Digital Medicine,10.1038/s41746-026-02715-1,https://doi.org/10.1038/s41746-026-02715-1,primary-metadata/abstract,PPG | review,not_reported,PPG,系统综述+技术综合，覆盖数据集、设备因素、数据稀缺、ROI、算法、滤波与指标，并附 routine clinical setting 的 feasibility demonstration。,临床示范在 correlation/concordance、absolute error 与 Bland–Altman 多指标上显示较高 signal-level agreement；摘要未给完整数值。,总结 rPPG 从非接触 HR 到临床 waveform measurement 的技术路线与转化障碍。,系统综述+技术综合，覆盖数据集、设备因素、数据稀缺、ROI、算法、滤波与指标，并附 routine clinical setting 的 feasibility demonstration。,临床示范在 correlation/concordance、absolute error 与 Bland–Altman 多指标上显示较高 signal-level agreement；摘要未给完整数值。,rPPG 有潜力，但 motion、illumination、compression 和 frame rate 仍是临床转化关键限制。,是路线图与可行性证据，不应作为 cuffless BP 临床验证。,推理需普通 camera video；不需 BP 校准，实际鲁棒性依赖采集环境。,综述本身无 BP 目标泄露；示范队列的独立性和样本量需正文核对。,已完成重点审核,verified,2026,Crossref 精确题名/年份与可得 primary abstract/full text 核验,当前年份按本记录所对应的正式文章或预印本版本填写。,not applicable,,not reported,该研究不是连续 BP estimator。,not_reported,可得来源未明确证明 subject-disjoint；已按未知项保留，不视为通过。,false,,未确认独立外部队列验证。,not-a-bp-estimator,非 BP 测量任务,PPG,false,推理需普通 camera video；不需 BP 校准，实际鲁棒性依赖采集环境。,medium,not applicable,not applicable,not applicable,not applicable,not applicable,划分单位未充分报告，随机或重叠窗口泄露不能排除。,未充分报告 subject-disjoint，按未知风险保留。,综述本身无 BP 目标泄露；示范队列的独立性和样本量需正文核对。,priority-reviewed,2026-08-24,已依据可得 primary abstract/full text 完成重点审核；未公开项目明确标为未报告，不以推断代替证据。
ppgbp-034-peak-independent-cuffless-blood-pressure-monitoring-using-a-smart-sock-t,Peak-Independent Cuffless Blood Pressure Monitoring Using a Smart Sock: The Role of Temporal Lag Modeling in Foot-Based PPG,2026,2026-08-17,paper,Sensors,10.3390/s26041269,https://doi.org/10.3390/s26041269,primary-metadata/abstract,PPG | cuffless BP | wearable deployment,not_reported,PPG | IMU/context (possible),60 人、重叠 30 秒窗口；从 PPG/VPPG/APPG 提取统计与信息论特征，并用 5–15 秒 temporal lag 表示短期血流动力学记忆。,subject-independent 场景 SBP/DBP 误差 8.60/6.42 mmHg；single-point calibration 后 MAE 1.3–1.7 mmHg、R²>0.90。,不用 fiducial peak 或 PTT，从足部 PPG 做 smart-sock BP 估计。,60 人、重叠 30 秒窗口；从 PPG/VPPG/APPG 提取统计与信息论特征，并用 5–15 秒 temporal lag 表示短期血流动力学记忆。,subject-independent 场景 SBP/DBP 误差 8.60/6.42 mmHg；single-point calibration 后 MAE 1.3–1.7 mmHg、R²>0.90。,足部 PPG 可做个体监测，但高精度来自单点校准；跨人性能仍明显不足。,应展示 8.60/6.42 作为通用性能，1.3–1.7 只能归于校准监测场景。,需 smart sock 足部 PPG 与一次个人 BP 校准；之后不需当前 BP。,作者称使用 leakage-safe CV；重叠窗口仍需确认按人/按时间分组，target calibration 风险中等。,已完成重点审核,verified,2026,Crossref 精确题名/年份与可得 primary abstract/full text 核验,当前年份按本记录所对应的正式文章或预印本版本填写。,single-point calibration,,onboarding,校准后性能与 subject-independent 性能必须分开报告。,true,论文报告 leakage-safe cross-validation 与 subject-independent 场景。,false,,未确认独立外部队列验证。,conditional,有条件可部署,foot PPG | stored single-point calibration,false,需 smart sock 足部 PPG 与一次个人 BP 校准；之后不需当前 BP。,medium,未发现逐窗当前 BP/ABP 反归一化；若来源未公开细节则仍保留未确认。,参考 BP/ABP 用于同步监督或设备对照；未见推理期按当前目标对齐。,BP/ABP 用于生成监督窗口；窗口与受试者隔离按论文披露程度审计。,未见明确用当前 BP 选择 PPG 质量；未披露者不按已排除处理。,校准后性能与 subject-independent 性能必须分开报告。,有受试者/队列隔离证据；重叠窗口细节仍以全文为准。,已报告 subject-disjoint、LOSO 或独立队列。,作者称使用 leakage-safe CV；重叠窗口仍需确认按人/按时间分组，target calibration 风险中等。,priority-reviewed,2026-08-24,已依据可得 primary abstract/full text 完成重点审核；未公开项目明确标为未报告，不以推断代替证据。
ppgbp-035-a-comparative-study-of-signal-representations-methods-and-deep-learning-,A Comparative Study of Signal Representations Methods and Deep Learning Architectures for PPG-Based Cuffless Blood Pressure Estimation,2026,2026-08-17,paper,Sensors,10.3390/s26092847,https://doi.org/10.3390/s26092847,primary-metadata/abstract,PPG | cuffless BP | foundation model,not_reported,PPG,UCI Open BP 上比较七种变换与多个深度架构，最佳为 CWT；另在 26 人真实采集中用 Omron cuff 作参考。,CWT 配置 SBP/DBP 为 3.80±5.02/1.65±2.70 mmHg；26 人验证相关 r=0.96/0.74，但摘要未给该队列的 MAE/LoA。,在统一模型框架下比较七种 1D→2D PPG signal representation，而不是只比较网络。,UCI Open BP 上比较七种变换与多个深度架构，最佳为 CWT；另在 26 人真实采集中用 Omron cuff 作参考。,CWT 配置 SBP/DBP 为 3.80±5.02/1.65±2.70 mmHg；26 人验证相关 r=0.96/0.74，但摘要未给该队列的 MAE/LoA。,representation 影响很大，外部小队列支持趋势一致性，但相关性不等于准确性。,CWT 值得比较；不能用 26 人相关系数替代误差与标准验证。,推理只需 PPG+CWT pipeline，不需当前 BP；实时成本和设备外部验证仍有限。,UCI 的 subject split 未在摘要报告，低 MAE 有 window leakage 风险；26 人外部数据有助但证据较小。,已完成重点审核,verified,2026,Crossref 精确题名/年份与可得 primary abstract/full text 核验,当前年份按本记录所对应的正式文章或预印本版本填写。,not reported,,not reported,可得摘要/正文信息未报告个人 cuff calibration。,not_reported,可得来源未明确证明 subject-disjoint；已按未知项保留，不视为通过。,true,26 人 Omron reference 实采队列,存在独立数据/队列测试；仍按论文具体任务解释。,research-only,研究验证阶段,PPG,false,推理只需 PPG+CWT pipeline，不需当前 BP；实时成本和设备外部验证仍有限。,medium,未发现逐窗当前 BP/ABP 反归一化；若来源未公开细节则仍保留未确认。,参考 BP/ABP 用于同步监督或设备对照；未见推理期按当前目标对齐。,BP/ABP 用于生成监督窗口；窗口与受试者隔离按论文披露程度审计。,未见明确用当前 BP 选择 PPG 质量；未披露者不按已排除处理。,可得来源未报告个人目标 BP 校准。,划分单位未充分报告，随机或重叠窗口泄露不能排除。,未充分报告 subject-disjoint，按未知风险保留。,UCI 的 subject split 未在摘要报告，低 MAE 有 window leakage 风险；26 人外部数据有助但证据较小。,priority-reviewed,2026-08-24,已依据可得 primary abstract/full text 完成重点审核；未公开项目明确标为未报告，不以推断代替证据。
ppgbp-036-multitaskbp-reliable-ppg-based-blood-pressure-measurement-under-motion-a,MultitaskBP: Reliable PPG-Based Blood Pressure Measurement Under Motion Artifact Corruption,2026,2026-08-17,paper,IEEE Transactions on Instrumentation and Measurement,10.1109/tim.2026.3652724,https://doi.org/10.1109/tim.2026.3652724,primary-metadata/abstract,PPG | cuffless BP | signal quality/trustworthiness,not_reported,PPG | IMU/context (possible),Transformer encoder+hierarchical attention，联合质量分类、缺失段重建和 SBP/DBP，多尺度建模 intrabeat/interbeat。,"PhysioNet MIMIC-II/III 的约 250 records、约 25,000 cardiac cycles blind test 上 SBP/DBP MAE 2.17/1.20 mmHg；ARM Cortex-A72 处理 25 秒窗 latency 0.93 秒。",在 corrupted/missing PPG 下同时做 SQA、信号重建与 beat-to-beat BP。,Transformer encoder+hierarchical attention，联合质量分类、缺失段重建和 SBP/DBP，多尺度建模 intrabeat/interbeat。,"PhysioNet MIMIC-II/III 的约 250 records、约 25,000 cardiac cycles blind test 上 SBP/DBP MAE 2.17/1.20 mmHg；ARM Cortex-A72 处理 25 秒窗 latency 0.93 秒。",多任务与端侧 latency 很有吸引力，但 blind test 是否 subject-disjoint 未明确，低误差需谨慎。,内置 SQA/重建适合部署；在划分未公开前不能认定跨人临床精度。,推理只需 25 秒 PPG，可在 ARM Cortex-A72 近实时运行，不需当前 BP。,SQA 未见使用目标 BP；MIMIC 窗口/受试者划分不明，window leakage 风险中高。,已完成重点审核,verified,2026,Crossref 精确题名/年份与可得 primary abstract/full text 核验,当前年份按本记录所对应的正式文章或预印本版本填写。,not reported,,not reported,可得摘要/正文信息未报告个人 cuff calibration。,not_reported,可得来源未明确证明 subject-disjoint；已按未知项保留，不视为通过。,false,,未确认独立外部队列验证。,research-only,研究验证阶段,PPG,false,推理只需 25 秒 PPG，可在 ARM Cortex-A72 近实时运行，不需当前 BP。,medium-to-high,未发现逐窗当前 BP/ABP 反归一化；若来源未公开细节则仍保留未确认。,参考 BP/ABP 用于同步监督或设备对照；未见推理期按当前目标对齐。,BP/ABP 用于生成监督窗口；窗口与受试者隔离按论文披露程度审计。,未见明确用当前 BP 选择 PPG 质量；未披露者不按已排除处理。,可得来源未报告个人目标 BP 校准。,划分单位未充分报告，随机或重叠窗口泄露不能排除。,未充分报告 subject-disjoint，按未知风险保留。,SQA 未见使用目标 BP；MIMIC 窗口/受试者划分不明，window leakage 风险中高。,priority-reviewed,2026-08-24,已依据可得 primary abstract/full text 完成重点审核；未公开项目明确标为未报告，不以推断代替证据。
ppgbp-037-innovative-wearable-platform-for-synchronized-biosignals-acquisition-a-p,Innovative Wearable Platform for Synchronized Biosignals Acquisition: A Proof of Concept in a Cuff-Less Blood Pressure Monitoring Case Study,2026,2026-08-17,paper,Publication not fully verified,10.1109/jtehm.2026.3687981,https://doi.org/10.1109/jtehm.2026.3687981,primary-metadata/abstract,PPG | cuffless BP | wearable deployment,not_reported,PPG | IMU/context (possible),自研 2.4 GHz+BLE 平台同步 ECG 和腕部 PPG；19 名健康者跑台运动，间歇 oscillometric cuff 提供 SBP 参考。,PAT 与 SBP 的运动后变化和 mono-exponential recovery 显著相关；恢复指数一致性的 percentage limits 约 −34.36% 至 37.53%。,建立亚微秒同步的无线多节点 ECG+PPG 平台，跟踪运动后 PAT 与 SBP 恢复。,自研 2.4 GHz+BLE 平台同步 ECG 和腕部 PPG；19 名健康者跑台运动，间歇 oscillometric cuff 提供 SBP 参考。,PAT 与 SBP 的运动后变化和 mono-exponential recovery 显著相关；恢复指数一致性的 percentage limits 约 −34.36% 至 37.53%。,平台证明了同步采集和趋势跟踪可行，但没有验证绝对 BP estimator，样本也很小。,强项是同步硬件，不是 cuffless BP 数值精度。,推理/分析需 ECG+PPG 计算 PAT；参考 cuff 仅用于验证，不进入日常推理。,当前 BP 未进入推理，目标泄露低；单中心 19 人不构成外部临床验证。,已完成重点审核,verified,2026,Crossref 精确题名/年份与可得 primary abstract/full text 核验,当前年份按本记录所对应的正式文章或预印本版本填写。,not applicable,,not reported,该研究不是连续 BP estimator。,not_reported,可得来源未明确证明 subject-disjoint；已按未知项保留，不视为通过。,false,,未确认独立外部队列验证。,not-a-bp-estimator,非 BP 测量任务,ECG | wrist PPG,false,推理/分析需 ECG+PPG 计算 PAT；参考 cuff 仅用于验证，不进入日常推理。,low,not applicable,not applicable,not applicable,not applicable,not applicable,划分单位未充分报告，随机或重叠窗口泄露不能排除。,未充分报告 subject-disjoint，按未知风险保留。,当前 BP 未进入推理，目标泄露低；单中心 19 人不构成外部临床验证。,priority-reviewed,2026-08-24,已依据可得 primary abstract/full text 完成重点审核；未公开项目明确标为未报告，不以推断代替证据。
ppgbp-038-cfd-guided-detection-of-concept-drift-in-multimodal-physiologic-signals,CFD-Guided Detection of Concept Drift in Multimodal Physiologic Signals,2026,2026-08-17,paper,arXiv,,https://arxiv.org/abs/2608.07759,primary-abstract,PPG,not_reported,not_reported,PECS 比较模型内部变化与 ECG/PPG 可测变化，ECG 为主、PPG 补充，只有两者冲突时选择性使用 respiration；在 PTB-XL、BIDMC、MIMIC 测试。,expanded BIDMC drift classification accuracy 0.8786，MIMIC 0.9560；最佳模态组合随数据规模和队列改变。,判断 wearable cardiovascular model 遇到 motion/posture/接触变化时何时应保留、改变预测或报告不确定。,PECS 比较模型内部变化与 ECG/PPG 可测变化，ECG 为主、PPG 补充，只有两者冲突时选择性使用 respiration；在 PTB-XL、BIDMC、MIMIC 测试。,expanded BIDMC drift classification accuracy 0.8786，MIMIC 0.9560；最佳模态组合随数据规模和队列改变。,更多模态并不总更好，respiration 应作为冲突路由而不是自动覆盖。,是 concept-drift 监控框架，不是 BP estimator；适合作为部署安全层。,需 ECG+PPG，冲突时可用呼吸；不需当前 BP。,无 BP 目标依赖；多数据集验证较好，但 domain-pair selection 必须只基于训练/验证数据。,已完成重点审核,verified,2026,arXiv 题名与首次提交日期核验,当前年份按本记录所对应的正式文章或预印本版本填写。,not applicable,,not reported,该研究不是连续 BP estimator。,not_reported,可得来源未明确证明 subject-disjoint；已按未知项保留，不视为通过。,false,,未确认独立外部队列验证。,not-a-bp-estimator,非 BP 测量任务,ECG | PPG | respiration when signals disagree,false,需 ECG+PPG，冲突时可用呼吸；不需当前 BP。,medium,not applicable,not applicable,not applicable,not applicable,not applicable,划分单位未充分报告，随机或重叠窗口泄露不能排除。,未充分报告 subject-disjoint，按未知风险保留。,无 BP 目标依赖；多数据集验证较好，但 domain-pair selection 必须只基于训练/验证数据。,priority-reviewed,2026-08-24,已依据可得 primary abstract/full text 完成重点审核；未公开项目明确标为未报告，不以推断代替证据。
ppgbp-039-cap-towards-ppg-universal-representation-learning-with-patient-level-sup,CAP: Towards PPG Universal Representation Learning with Patient-level Supervision,2026,2026-08-18,paper,KDD 2026,10.1145/3770855.3818881,https://doi.org/10.1145/3770855.3818881,primary-metadata/abstract,PPG | foundation model,not_reported,PPG,把纵向 EHR 压缩成 patient-level clinical record，与 PPG 做 cross-modal contrastive alignment，再把 encoder 用于四个下游任务。,respiratory-rate 任务相对 SOTA 最多提升 87.6%，四任务平均提升 26.7%；摘要未给 BP task 指标。,用患者 EHR 历史给 PPG 预训练提供 clinical semantics，学习通用 PPG representation。,把纵向 EHR 压缩成 patient-level clinical record，与 PPG 做 cross-modal contrastive alignment，再把 encoder 用于四个下游任务。,respiratory-rate 任务相对 SOTA 最多提升 87.6%，四任务平均提升 26.7%；摘要未给 BP task 指标。,patient-level supervision 能增强 PPG 表征，但训练期 EHR 不代表推理时必须有 EHR。,临床语义预训练很有潜力；患者重叠会造成严重泄露，必须以 patient ID 划分。,下游通常仅需 PPG encoder；EHR 是预训练监督，具体 head 决定额外输入。,跨模态 patient-level 配对要求严格患者隔离；摘要未完全说明预训练/下游患者重叠，风险中等。,已完成重点审核,verified,2026,Crossref 精确题名/年份与可得 primary abstract/full text 核验,当前年份按本记录所对应的正式文章或预印本版本填写。,not applicable,,not reported,该研究不是连续 BP estimator。,not_reported,可得来源未明确证明 subject-disjoint；已按未知项保留，不视为通过。,false,,未确认独立外部队列验证。,not-a-bp-estimator,非 BP 测量任务,PPG,false,下游通常仅需 PPG encoder；EHR 是预训练监督，具体 head 决定额外输入。,medium,not applicable,not applicable,not applicable,not applicable,not applicable,划分单位未充分报告，随机或重叠窗口泄露不能排除。,未充分报告 subject-disjoint，按未知风险保留。,跨模态 patient-level 配对要求严格患者隔离；摘要未完全说明预训练/下游患者重叠，风险中等。,priority-reviewed,2026-08-24,已依据可得 primary abstract/full text 完成重点审核；未公开项目明确标为未报告，不以推断代替证据。
ppgbp-040-photoplethysmography-acceleration-indices-as-digital-biomarkers-of-cardi,Photoplethysmography Acceleration Indices as Digital Biomarkers of Cardiometabolic Health,2026,2026-08-18,paper,Frontiers in Digital Health,10.3389/fdgth.2026.1910212,https://doi.org/10.3389/fdgth.2026.1910212,primary-abstract,PPG,not_reported,PPG,横断面 133 人（健康45、高血压68、糖尿病20），分析 b/a、c/a、d/a 与 AGI 四个 APG index。,四指标均与年龄相关；病理组差异效应较大，b/a 区分高血压与糖尿病的 |d|=1.19。,检验 acceleration PPG 指数能否区分健康、高血压和糖尿病相关血管改变。,横断面 133 人（健康45、高血压68、糖尿病20），分析 b/a、c/a、d/a 与 AGI 四个 APG index。,四指标均与年龄相关；病理组差异效应较大，b/a 区分高血压与糖尿病的 |d|=1.19。,APG index 可作为 vascular-aging/disease biomarker，但未估计连续 SBP/DBP。,适合风险表型，不应按 cuffless BP 测量论文解读。,推理需 PPG 的二阶导数/APG，不需 BP 校准；临床阈值仍需外部队列。,横断面统计分析无当前 BP 推理泄露；小样本且无外部验证，泛化有限。,已完成重点审核,verified,2026,Frontiers 正式文章核验,当前年份按本记录所对应的正式文章或预印本版本填写。,not applicable,,not reported,该研究不是连续 BP estimator。,not_reported,可得来源未明确证明 subject-disjoint；已按未知项保留，不视为通过。,false,,未确认独立外部队列验证。,not-a-bp-estimator,非 BP 测量任务,PPG,false,推理需 PPG 的二阶导数/APG，不需 BP 校准；临床阈值仍需外部队列。,medium,not applicable,not applicable,not applicable,not applicable,not applicable,划分单位未充分报告，随机或重叠窗口泄露不能排除。,未充分报告 subject-disjoint，按未知风险保留。,横断面统计分析无当前 BP 推理泄露；小样本且无外部验证，泛化有限。,priority-reviewed,2026-08-24,已依据可得 primary abstract/full text 完成重点审核；未公开项目明确标为未报告，不以推断代替证据。
ppgbp-041-motion-aware-low-power-wearable-photoplethysmography-system-with-metamat,Motion-Aware Low-Power Wearable Photoplethysmography System with Metamaterial-Enhanced Wireless Telemetry,2026,2026-08-18,paper,IEEE Transactions on Biomedical Circuits and Systems,10.1109/tbcas.2026.3719439,https://doi.org/10.1109/tbcas.2026.3719439,primary-metadata/abstract,PPG | wearable deployment,not_reported,PPG | IMU/context (possible),系统按运动状态自动采样、adaptive power management，并用 metamaterial-enhanced telemetry 降低 SAR。,功耗下降 55%；坐/站/走/跑下 HR MAE 1.5–6.2 bpm、SpO₂ MAE 0.5–1.0%，PPG SNR>10 dB；SAR 4.36→1.677 W/kg。,通过 motion-gated sampling 与射频结构降低 wearable PPG 功耗并维持 HR/SpO₂ 质量。,系统按运动状态自动采样、adaptive power management，并用 metamaterial-enhanced telemetry 降低 SAR。,功耗下降 55%；坐/站/走/跑下 HR MAE 1.5–6.2 bpm、SpO₂ MAE 0.5–1.0%，PPG SNR>10 dB；SAR 4.36→1.677 W/kg。,硬件对运动和功耗的处理有效，但论文没有估计 BP。,可作为 BP wearable 的采集前端参考，不能算 BP accuracy 证据。,推理/控制需 PPG+motion sensor；面向 HR/SpO₂，未报告 BP calibration。,无 BP 目标；性能验证的受试者规模和独立划分摘要未报告。,已完成重点审核,verified,2026,Crossref 精确题名/年份与可得 primary abstract/full text 核验,当前年份按本记录所对应的正式文章或预印本版本填写。,not applicable,,not reported,该研究不是连续 BP estimator。,not_reported,可得来源未明确证明 subject-disjoint；已按未知项保留，不视为通过。,false,,未确认独立外部队列验证。,not-a-bp-estimator,非 BP 测量任务,PPG,false,推理/控制需 PPG+motion sensor；面向 HR/SpO₂，未报告 BP calibration。,medium,not applicable,not applicable,not applicable,not applicable,not applicable,划分单位未充分报告，随机或重叠窗口泄露不能排除。,未充分报告 subject-disjoint，按未知风险保留。,无 BP 目标；性能验证的受试者规模和独立划分摘要未报告。,priority-reviewed,2026-08-24,已依据可得 primary abstract/full text 完成重点审核；未公开项目明确标为未报告，不以推断代替证据。
ppgbp-042-circuit-free-cardiovascular-monitoring-via-smartphone-readable-skin-inte,Circuit-Free Cardiovascular Monitoring via Smartphone-Readable Skin-Interfaced Nanophotonic Films,2026,2026-08-18,paper,Advanced Materials,10.1002/adma.74512,https://doi.org/10.1002/adma.74512,primary-metadata/abstract,PPG | wearable deployment,not_reported,PPG | IMU/context (possible),双面 nanoimprinted PDMS：一侧 nanophotonic strain surface，另一侧 3D 仿生黏附结构；以普通手机读 diffractive colour shift。,"2% strain 产生 9% RGB modulation，1,000 次循环稳定；3D 黏附 shear strength 提高 65%；13 人 per-beat waveform 与临床参考 ρ=0.94±0.03。",用无电路皮肤薄膜把动脉搏动转成手机摄像头可读的颜色变化。,双面 nanoimprinted PDMS：一侧 nanophotonic strain surface，另一侧 3D 仿生黏附结构；以普通手机读 diffractive colour shift。,"2% strain 产生 9% RGB modulation，1,000 次循环稳定；3D 黏附 shear strength 提高 65%；13 人 per-beat waveform 与临床参考 ρ=0.94±0.03。",电子无源、对 melanin 不敏感的脉搏波采集可行，但未验证 BP 输出。,是新型传感材料证据，不是 cuffless BP accuracy study。,需皮肤薄膜+普通 smartphone camera；不需电路或当前 BP。,参考波形只用于比较，无 BP target leakage；13 人 proof-of-concept 无外部验证。,已完成重点审核,verified,2026,Crossref 精确题名/年份与可得 primary abstract/full text 核验,当前年份按本记录所对应的正式文章或预印本版本填写。,not applicable,,not reported,该研究不是连续 BP estimator。,not_reported,可得来源未明确证明 subject-disjoint；已按未知项保留，不视为通过。,false,,未确认独立外部队列验证。,not-a-bp-estimator,非 BP 测量任务,skin nanophotonic film | smartphone camera,false,需皮肤薄膜+普通 smartphone camera；不需电路或当前 BP。,medium,not applicable,not applicable,not applicable,not applicable,not applicable,划分单位未充分报告，随机或重叠窗口泄露不能排除。,未充分报告 subject-disjoint，按未知风险保留。,参考波形只用于比较，无 BP target leakage；13 人 proof-of-concept 无外部验证。,priority-reviewed,2026-08-24,已依据可得 primary abstract/full text 完成重点审核；未公开项目明确标为未报告，不以推断代替证据。
ppgbp-043-long-term-accuracy-and-stability-of-blood-pressure-measurements-from-a-s,Long-term accuracy and stability of blood pressure measurements from a smartwatch: Prospective validation study,2026,2026-08-18,paper,Digital Health,10.1177/20552076261415923,https://doi.org/10.1177/20552076261415923,primary-full-text/abstract,PPG | smartwatch | cuffless BP | 28-day calibration stability,37-participant 28-day prospective cohort,Samsung Galaxy Watch 5 PPG pipeline | stored Day-0 cuff calibration,Day-0 calibration followed by 27 days of paired Galaxy Watch 5 and Omron M4 measurements.,Overall MD about −0.34 mmHg SBP and +0.62 mmHg DBP; estimated 28-day drift −0.19/+1.02 mmHg. Error increased when actual BP moved about 10 mmHg away from the initial calibration point.,观察 Galaxy Watch 经过一次初始校准后，连续 27 天的 BP 准确性和漂移情况。,第 0 天校准手表，此后 27 天与 Omron M4 做成对比较；日常 Omron 读数只作为参考，不更新手表。,总体 SBP/DBP MD 约 −0.34/+0.62 mmHg，估计 28 天漂移 −0.19/+1.02 mmHg；真实 BP 距初始校准点约 10 mmHg 时，误差明显增大。,平均漂移不大，但模型更擅长在校准点附近工作；BP 状态发生较大变化时可靠性下降。,“30 天稳定”不能只看平均偏差，还要看离开个人校准点后的误差。,只需第 0 天校准，之后手表独立输出；每日 Omron 仅用于研究验证。,未见验证期参考 BP 回写手表；主要问题不是泄露，而是校准点依赖和 BP 变化后的性能下降。,已完成重点审核,verified,2026,此前重点深审记录,当前年份按本记录所对应的正式文章或预印本版本填写。,single onboarding cuff calibration per manufacturer workflow,,Day 0; recommended 28-day interval,Prospective longitudinal evaluation of calibration stability.,not applicable,"Device validation cohort, not a retrained ML split.",true,37-participant prospective 28-day study,"Small, mostly young/normotensive cohort limits generalizability.",strong-conditional,真实 28 天可用证据，但人群有限,smartwatch PPG | stored Day-0 calibration,false,Daily Omron values were reference only and did not update watch outputs.,low,NO evidence,paired timing for validation only,device workflow,not reported as target-dependent,historical Day-0 cuff only,not applicable,not applicable,"Validates stability, not universal accuracy across hypertensive BP ranges.",priority-reviewed,2026-08-24,重点深审。
ppgbp-044-validation-of-ring-type-cuffless-blood-pressure-monitoring-device-for-de,Validation of ring-type cuffless blood pressure monitoring device for detecting awake-asleep BP variations compared to ambulatory BP monitoring device,2026,2026-08-19,paper,Hypertension Research,10.1038/s41440-026-02759-6,https://www.nature.com/articles/s41440-026-02759-6,primary-full-text,PPG | cuffless BP | wearable deployment,not_reported,PPG | IMU/context (possible),84 人招募，按 ESH BP 分布选 35 人；至少提前一天校准，ring 与 ABPM 在非优势臂同步佩戴 24 小时。,awake–asleep 变化差 SBP −1.74±6.47、DBP 0.08±5.84 mmHg，变化相关 r=0.736；dipping 四分类 weighted κ=0.58。,按 ESH awake/asleep test 检验 CART BP Pro ring 能否检测昼夜 BP 变化和 dipping。,84 人招募，按 ESH BP 分布选 35 人；至少提前一天校准，ring 与 ABPM 在非优势臂同步佩戴 24 小时。,awake–asleep 变化差 SBP −1.74±6.47、DBP 0.08±5.84 mmHg，变化相关 r=0.736；dipping 四分类 weighted κ=0.58。,对昼夜变化有中等一致性，但只完成 ESH awake/asleep test，论文明确不能替代 24 h ABPM。,产品证据较强但结论边界清楚：验证的是变化检测，不是完整 cuffless device protocol。,需 ring PPG、至少一天前的 cuff calibration 与已保存参数；监测期无需当前 ABPM。,参考 ABPM 仅用于同日比较；历史校准属于 target-dependent calibration，无窗口训练泄露问题。,已完成重点审核,verified,2025 摘要 / 2026 期刊,Hypertension Research 正式文章核验,该研究先有 2025 年会议摘要；当前记录对应 2026 年正式期刊文章。,cuff calibration,,at least one day before monitoring,CART BP Pro 至少提前一天校准。,not_reported,可得来源未明确证明 subject-disjoint；已按未知项保留，不视为通过。,false,,未确认独立外部队列验证。,conditional,有条件可部署,ring PPG | stored cuff calibration,false,需 ring PPG、至少一天前的 cuff calibration 与已保存参数；监测期无需当前 ABPM。,medium,未发现逐窗当前 BP/ABP 反归一化；若来源未公开细节则仍保留未确认。,参考 BP/ABP 用于同步监督或设备对照；未见推理期按当前目标对齐。,BP/ABP 用于生成监督窗口；窗口与受试者隔离按论文披露程度审计。,未见明确用当前 BP 选择 PPG 质量；未披露者不按已排除处理。,CART BP Pro 至少提前一天校准。,划分单位未充分报告，随机或重叠窗口泄露不能排除。,未充分报告 subject-disjoint，按未知风险保留。,参考 ABPM 仅用于同日比较；历史校准属于 target-dependent calibration，无窗口训练泄露问题。,priority-reviewed,2026-08-24,已依据可得 primary abstract/full text 完成重点审核；未公开项目明确标为未报告，不以推断代替证据。
ppgbp-045-cardiostate-jepa-delay-aware-cross-modal-learning-of-a-shared-cardiac-re,CardioState-JEPA: Delay-Aware Cross-Modal Learning of a Shared Cardiac Representation,2026,2026-08-19,paper,arXiv,,https://arxiv.org/abs/2608.12944,primary-abstract,PPG | ECG | PCG | foundation model | JEPA | delay alignment,multiple unimodal and paired cardiac datasets,PPG or ECG or PCG,"Two-stage joint-embedding predictive architecture with modality tokenizers, shared Transformer, masked latent prediction, and learned cross-modal delay alignment.","Frozen encoder reports +8.2 AUROC points for PPG classification, +18.8 for PCG murmur detection and +15.5 for ECG classification over the best SSL baseline.",让 PPG、ECG、PCG 在存在生理时间延迟时仍能学习共享的 cardiac representation。,两阶段 JEPA：各模态 tokenizer、共享 Transformer、masked latent prediction，加上可学习的跨模态 delay alignment。,冻结 encoder 后，相比最佳 SSL baseline，PPG 分类、PCG murmur 检测和 ECG 分类分别提高 8.2、18.8、15.5 个 AUROC 点。,延迟感知的跨模态预训练能提升通用心血管表征，但论文并未直接验证无袖带 BP head。,可作为下游模型底座，不能把多任务 AUROC 提升等同于 BP 精度提升。,跨模态 delay aligner 在预训练阶段学习；具体下游可仅保留目标模态，但 BP 任务需另做验证。,共享表征本身不是 BP 泄露；风险取决于下游 BP 标签、时间对齐和受试者划分。,已完成重点审核,verified,2026,此前重点深审记录,当前年份按本记录所对应的正式文章或预印本版本填写。,not applicable,0,not applicable,No cuffless BP calibration study.,task-specific,Downstream protocols vary.,true,25 downstream tasks,Not a BP-regression validation.,research-enabler,可作为 PPG encoder,"one available cardiac modality, e.g. PPG",false,Delay aligner is learned during pretraining; BP head still needs separate validation.,low for BP target leakage,not applicable,"cross-modal delay alignment uses paired sensors, not BP target",not applicable,not applicable,not applicable,task-specific,task-specific,No absolute BP claim should be inferred.,priority-reviewed,2026-08-24,重点深审。
ppgbp-046-in-hospital-stroke-prediction-from-ppg-derived-hemodynamic-features,In-Hospital Stroke Prediction from PPG-Derived Hemodynamic Features,2026,2026-08-19,paper,arXiv,,https://arxiv.org/abs/2602.09328,primary-abstract,PPG,not_reported,PPG,LLM 辅助从病历抽取并由医生确认 onset；MIMIC-III 176 人、MC-MED 158 人，提取 PPG hemodynamic features 并训练 ResNet-1D。,MIMIC 提前 4/5/6 小时 F1 为 0.7956/0.8759/0.9406；不重新调参到 MC-MED 为 0.9256/0.9595/0.9888。,利用住院期间连续 PPG，在有明确发作时间的患者中提前预测 stroke。,LLM 辅助从病历抽取并由医生确认 onset；MIMIC-III 176 人、MC-MED 158 人，提取 PPG hemodynamic features 并训练 ResNet-1D。,MIMIC 提前 4/5/6 小时 F1 为 0.7956/0.8759/0.9406；不重新调参到 MC-MED 为 0.9256/0.9595/0.9888。,PPG 可能含数小时前的 stroke 预警信号，外部数据表现强；仍需前瞻性报警验证。,这是结局预警，不是 BP estimator；极高外部 F1 还应检查病例/对照匹配与时间泄露。,推理需连续 PPG，不需 BP；可作为病房监测预警 head。,跨数据集且不调参降低过拟合；必须确认同一患者多窗口不跨集合、特征不包含 onset 后信息，风险中等。,已完成重点审核,verified,2026,arXiv 题名与首次提交日期核验,当前年份按本记录所对应的正式文章或预印本版本填写。,not applicable,,not reported,该研究不是连续 BP estimator。,not_reported,可得来源未明确证明 subject-disjoint；已按未知项保留，不视为通过。,true,MC-MED（不重新调参）,存在独立数据/队列测试；仍按论文具体任务解释。,not-a-bp-estimator,非 BP 测量任务,PPG,false,推理需连续 PPG，不需 BP；可作为病房监测预警 head。,medium,not applicable,not applicable,not applicable,not applicable,not applicable,划分单位未充分报告，随机或重叠窗口泄露不能排除。,未充分报告 subject-disjoint，按未知风险保留。,跨数据集且不调参降低过拟合；必须确认同一患者多窗口不跨集合、特征不包含 onset 后信息，风险中等。,priority-reviewed,2026-08-24,已依据可得 primary abstract/full text 完成重点审核；未公开项目明确标为未报告，不以推断代替证据。
ppgbp-047-a-dual-output-physiology-informed-neural-network-architecture-for-contin,A Dual-Output Physiology-Informed Neural Network Architecture for Continuous Cuffless Blood Pressure Waveform Estimation: A Proof-of-Concept,2026,2026-08-19,paper,Artery Research,10.1007/s44200-026-00120-3,https://doi.org/10.1007/s44200-026-00120-3,primary-metadata/abstract,PPG | cuffless BP,not_reported,not_reported,比较 30 分钟 NARX、15 分钟 NARX 与 15 分钟 NARX-physio；后者加入四参数个体 BP–PPG sigmoid layer 和 BP/PPG dual-output loss。,5 人、超过 6 小时 daily activities 中，NARX-physio 用一半训练时长仍维持准确估计；估计 compliance curve width 平均 36.5 mmHg、contact pressure 59 mmHg，摘要未给 MAE。,用 subject-specific physiology-informed NARX 重建完整 BP waveform，并提高可解释性。,比较 30 分钟 NARX、15 分钟 NARX 与 15 分钟 NARX-physio；后者加入四参数个体 BP–PPG sigmoid layer 和 BP/PPG dual-output loss。,5 人、超过 6 小时 daily activities 中，NARX-physio 用一半训练时长仍维持准确估计；估计 compliance curve width 平均 36.5 mmHg、contact pressure 59 mmHg，摘要未给 MAE。,物理层提供解释参数并减少个人训练数据，但只是 n=5 proof-of-concept。,高度个体化、样本极小，不能外推到新用户或医疗器械精度。,需个人 ECG+PPG 和约 15 分钟带 BP 标签的训练/校准；之后无需当前 BP。,明确 subject-specific target calibration；需按时间留出测试。摘要未见当前 BP 反归一化，风险中等。,已完成重点审核,verified,2026,Crossref 精确题名/年份与可得 primary abstract/full text 核验,当前年份按本记录所对应的正式文章或预印本版本填写。,subject-specific training,,15-minute personal training period,需要个人 ECG/PPG 与 BP 标签训练。,not_reported,可得来源未明确证明 subject-disjoint；已按未知项保留，不视为通过。,false,,未确认独立外部队列验证。,conditional,有条件可部署,ECG | PPG | stored subject-specific model,false,需个人 ECG+PPG 和约 15 分钟带 BP 标签的训练/校准；之后无需当前 BP。,medium,未发现逐窗当前 BP/ABP 反归一化；若来源未公开细节则仍保留未确认。,参考 BP/ABP 用于同步监督或设备对照；未见推理期按当前目标对齐。,BP/ABP 用于生成监督窗口；窗口与受试者隔离按论文披露程度审计。,未见明确用当前 BP 选择 PPG 质量；未披露者不按已排除处理。,需要个人 ECG/PPG 与 BP 标签训练。,划分单位未充分报告，随机或重叠窗口泄露不能排除。,未充分报告 subject-disjoint，按未知风险保留。,明确 subject-specific target calibration；需按时间留出测试。摘要未见当前 BP 反归一化，风险中等。,priority-reviewed,2026-08-24,已依据可得 primary abstract/full text 完成重点审核；未公开项目明确标为未报告，不以推断代替证据。
ppgbp-048-automated-cardiac-arrest-detection-using-wrist-derived-photoplethysmogra,Automated cardiac arrest detection using wrist-derived photoplethysmography during withdrawal of life-sustaining treatment: a prospective clinical validation study,2026,2026-08-19,paper,The Lancet Regional Health – Europe,10.1016/j.lanepe.2026.101791,https://doi.org/10.1016/j.lanepe.2026.101791,primary-metadata/abstract,PPG | wearable deployment,not_reported,PPG | IMU/context (possible),前瞻性单中心 44 人；CardioWatch PPG，ECG/invasive ABP 作参考；两个训练队列 n=10/11 调整 rule-based algorithm，独立测试 n=23。,测试 sensitivity 100%（23/23，95%CI 82–100），1 次 false positive；检测时 MAP 中位 30 mmHg、pulse pressure 13 mmHg。,评估腕部 PPG 能否在 ICU withdrawal of life support 时自动识别 cardiac arrest。,前瞻性单中心 44 人；CardioWatch PPG，ECG/invasive ABP 作参考；两个训练队列 n=10/11 调整 rule-based algorithm，独立测试 n=23。,测试 sensitivity 100%（23/23，95%CI 82–100），1 次 false positive；检测时 MAP 中位 30 mmHg、pulse pressure 13 mmHg。,独立前瞻性测试支持 arrest detection 可行，但样本小、单中心且病例为 non-shockable。,这是 arrest detector，不输出 BP；不能把 invasive ABP 参考误解为推理输入。,推理只需腕部 PPG；ECG/ABP 只用于标注和评价。,训练与测试队列分离，目标泄露低；仍需多中心真实 arrest 前瞻性验证。,已完成重点审核,verified,2026,Crossref 精确题名/年份与可得 primary abstract/full text 核验,当前年份按本记录所对应的正式文章或预印本版本填写。,not applicable,,not reported,该研究不是连续 BP estimator。,true,两个开发队列与独立测试队列分开。,false,,未确认独立外部队列验证。,not-a-bp-estimator,非 BP 测量任务,PPG,false,推理只需腕部 PPG；ECG/ABP 只用于标注和评价。,low,not applicable,not applicable,not applicable,not applicable,not applicable,有受试者/队列隔离证据；重叠窗口细节仍以全文为准。,已报告 subject-disjoint、LOSO 或独立队列。,训练与测试队列分离，目标泄露低；仍需多中心真实 arrest 前瞻性验证。,priority-reviewed,2026-08-24,已依据可得 primary abstract/full text 完成重点审核；未公开项目明确标为未报告，不以推断代替证据。
ppgbp-049-the-role-of-dataset-integrity-calibration-and-signal-quality-in-neural-n,"The role of dataset integrity, calibration and signal quality in neural network-based blood pressure estimation",2026,2026-08-20,paper,Scientific Reports,10.1038/s41598-026-66882-7,https://doi.org/10.1038/s41598-026-66882-7,primary-metadata/abstract,PPG | cuffless BP | dataset integrity | calibration | signal synchronization | data leakage,curated MIMIC-III | curated VitalDB,PPG | ECG-derived features for one baseline,"MLP, ResNet and TCN are compared on datasets differing in synchronization; subject-wise splits and 3–9 initial reference measurements test calibration effects.",VitalDB consistently outperformed MIMIC-III; calibration gains diminished beyond three measurements; calibrated DBP reached numerical clinical limits while SBP remained difficult.,系统分析数据同步质量、个人校准次数和 PPG signal quality 对神经网络 BP 估计的影响。,在同步质量不同的数据集上比较 MLP、ResNet、TCN；采用 subject-wise split，并测试 3–9 次初始参考测量的校准效果。,VitalDB 持续优于 MIMIC-III；超过 3 次校准后收益递减；校准后的 DBP 达到数值临床门槛，SBP 仍较困难。,数据完整性和同步质量可能比更复杂的网络更重要；少量校准有效，但不能解决 SBP 的全部问题。,先修数据和划分，再谈模型；3 次左右校准是值得重点验证的工程折中点。,需要初始 cuff/reference BP，并依赖可靠的同步与 SQA。,采用 subject-wise split 降低跨人泄露；仍要保证个人校准样本与测试时间段分离。,已完成重点审核,verified,2026,此前重点深审记录,当前年份按本记录所对应的正式文章或预印本版本填写。,initial subject-specific reference BP,3–9 tested,initial,Diminishing return beyond three initial measurements.,true,Abstract explicitly reports subject-wise splits to prevent leakage.,false,,Cross-dataset comparison is not the same as training on one and untouched external testing on another.,conditional,有条件可部署,PPG | possibly ECG/PAT features depending model | stored calibration,false,Requires initial cuff/reference measurements; emphasizes synchronized data and SQA.,low-to-medium,not reported as current-window dependent,"dataset-level synchronization is studied, not oracle per-window alignment",unknown,signal-quality curation used; exact target dependence needs methods audit,historical first 3–9 references only,reduced by subject-wise split,NO according to abstract,A methodological audit paper; still requires checking how curated test windows were selected.,priority-reviewed,2026-08-24,重点深审。
ppgbp-050-wearable-cuffless-and-portable-devices-for-blood-pressure-monitoring-201,"Wearable, cuffless, and portable devices for blood pressure monitoring (2015–2025): a scoping review of technologies, calibration, clinical validation, and regulatory frameworks",2026,2026-08-20,review,Frontiers in Digital Health,10.3389/fdgth.2026.1870156,https://doi.org/10.3389/fdgth.2026.1870156,primary-metadata/abstract,PPG | cuffless BP | calibration/personalization | wearable deployment | review,not_reported,PPG | IMU/context (possible),按 PRISMA-ScR/JBI PCC 检索 PubMed、Scopus、Web of Science、Embase，并做 device-directed search 与 citation chasing。,纳入 63 项来源：7 份标准/监管文件、1 个 case、6 篇 review、49 项 primary study；关键缺口是 post-calibration stability、动态/睡眠/治疗/心律失常与特殊人群。,梳理 2015–2025 wearable、cuffless 和 portable BP device 的技术、校准、验证与监管。,按 PRISMA-ScR/JBI PCC 检索 PubMed、Scopus、Web of Science、Embase，并做 device-directed search 与 citation chasing。,纳入 63 项来源：7 份标准/监管文件、1 个 case、6 篇 review、49 项 primary study；关键缺口是 post-calibration stability、动态/睡眠/治疗/心律失常与特殊人群。,不同 form factor 与技术不可互相外推；临床效用取决于 intended use、人群、校准和场景。,这是设备证据地图，不提供单一模型性能；最重要结论是不要跨技术横向搬用结果。,综述不可直接部署；可用于选择验证协议和监管路径。,不涉及模型推理泄露；综述特别提醒校准与动态条件的证据缺口。,已完成重点审核,verified,2026,Crossref 精确题名/年份与可得 primary abstract/full text 核验,当前年份按本记录所对应的正式文章或预印本版本填写。,not applicable,,not reported,该研究不是连续 BP estimator。,not_reported,可得来源未明确证明 subject-disjoint；已按未知项保留，不视为通过。,false,,未确认独立外部队列验证。,not-a-bp-estimator,非 BP 测量任务,PPG,false,综述不可直接部署；可用于选择验证协议和监管路径。,medium,not applicable,not applicable,not applicable,not applicable,not applicable,划分单位未充分报告，随机或重叠窗口泄露不能排除。,未充分报告 subject-disjoint，按未知风险保留。,不涉及模型推理泄露；综述特别提醒校准与动态条件的证据缺口。,priority-reviewed,2026-08-24,已依据可得 primary abstract/full text 完成重点审核；未公开项目明确标为未报告，不以推断代替证据。
ppgbp-051-change-point-aware-evaluation-and-re-calibration-of-ppg-based-blood-pres,Change Point–Aware Evaluation and Re-Calibration of PPG-Based Blood Pressure Estimation,2026,2026-08-21,paper,MLHC 2026 / arXiv,,https://arxiv.org/abs/2608.18639,primary-abstract,PPG | cuffless BP | change point | recalibration | evaluation,not_reported,PPG | BP trajectory for change-point evaluation,"Detects distributional change points in BP trajectories, evaluates models around fluctuations, and triggers targeted recalibration.","Shows substantial model degradation near BP change points; periodic calibration is insufficient, while change-point-triggered recalibration improves robustness (exact values pending table extraction).",研究 BP 分布突然变化时 PPG→BP 模型为什么失效，以及何时应该重新校准。,检测 BP trajectory 的 change point，分别评估变化点前后误差，并在检测到变化时触发 targeted recalibration。,模型在 BP change point 附近明显退化；固定周期校准不足，变化点触发的重新校准更稳健。具体数值仍待表格复核。,校准应与生理状态变化关联，而不只是按固定天数执行；但触发器不能依赖部署时不可得的真实 BP。,思路重要，关键审计问题是：系统如何在不知道真实 BP 的情况下发现 change point。,若变化点由真实 BP 触发，流程并不自主；需要用 PPG/IMU/上下文构建可部署的触发器。,潜在高风险在触发机制：若用当前真实 BP 判断变化并决定重校准，就把目标信息带入了评估流程。,已完成重点审核,verified,2026,此前重点深审记录,当前年份按本记录所对应的正式文章或预印本版本填写。,change-point-triggered,,test-time/event-triggered,Deployment validity depends on whether trigger detection uses predicted BP/PPG only or true reference BP.,unknown,Full evaluation protocol requires audit.,false,,No independent clinical external validation confirmed.,conceptual/conditional,触发机制需改造成无参考 BP,PPG | change trigger available at deployment,potentially,"If true BP change points trigger recalibration, the reported protocol is not autonomous.",high,unknown,unknown,YES for evaluation periods around true BP change points,unknown,potentially YES — trigger is defined from BP trajectories,unknown,unknown,Valuable evaluation framework; its deployment claim must separate oracle change points from detectable real-world triggers.,priority-reviewed,2026-08-24,重点深审。
ppgbp-052-clinical-validation-of-photoplethysmography-based-finger-cuffless-blood-,Clinical Validation of Photoplethysmography-Based Finger Cuffless Blood Pressure Monitoring Following European Society of Hypertension Recommendations,2026,2026-08-21,paper,Journal of the American Heart Association,10.1161/jaha.126.050501,https://doi.org/10.1161/jaha.126.050501,primary-metadata/abstract,PPG | cuffless BP | wearable deployment,not_reported,PPG | IMU/context (possible),"两阶段共 1,173 人：phase 1 n=768，在 7 个 ESH 场景对 invasive、office 与 24h ABPM；phase 2 n=405 高血压患者做临床关联。",7 个场景的 SBP/DBP mean difference≤5、SD≤8 mmHg，覆盖 invasive、static、awake/asleep、position、treatment、exercise、recalibration；PPG mean SBP/TTR/variability 与多项靶器官指标相关。,按 ESH 建议全面验证 finger PPG cuffless BP，并检验其指标与 organ damage/CV complication 的关联。,"两阶段共 1,173 人：phase 1 n=768，在 7 个 ESH 场景对 invasive、office 与 24h ABPM；phase 2 n=405 高血压患者做临床关联。",7 个场景的 SBP/DBP mean difference≤5、SD≤8 mmHg，覆盖 invasive、static、awake/asleep、position、treatment、exercise、recalibration；PPG mean SBP/TTR/variability 与多项靶器官指标相关。,属于当前库中最接近完整临床应用验证的证据，但具体设备、算法与校准协议不可外推到其他 PPG 模型。,强产品级证据；应同时核对利益冲突、协议原文和独立复现。,需 finger PPG device 及其规定校准/重校准流程；监测时不需要当前 reference BP。,前瞻性设备对照而非随机窗口训练，window leakage 不适用；历史 calibration 明确，参考 BP 用于验证。,已完成重点审核,verified,2026,Crossref 精确题名/年份与可得 primary abstract/full text 核验,当前年份按本记录所对应的正式文章或预印本版本填写。,device calibration/recalibration,,per validated device protocol,研究包含 recalibration test，需遵循设备协议。,not_reported,可得来源未明确证明 subject-disjoint；已按未知项保留，不视为通过。,false,,未确认独立外部队列验证。,conditional,有条件可部署,finger PPG | stored device calibration,false,需 finger PPG device 及其规定校准/重校准流程；监测时不需要当前 reference BP。,medium,未发现逐窗当前 BP/ABP 反归一化；若来源未公开细节则仍保留未确认。,参考 BP/ABP 用于同步监督或设备对照；未见推理期按当前目标对齐。,BP/ABP 用于生成监督窗口；窗口与受试者隔离按论文披露程度审计。,未见明确用当前 BP 选择 PPG 质量；未披露者不按已排除处理。,研究包含 recalibration test，需遵循设备协议。,划分单位未充分报告，随机或重叠窗口泄露不能排除。,未充分报告 subject-disjoint，按未知风险保留。,前瞻性设备对照而非随机窗口训练，window leakage 不适用；历史 calibration 明确，参考 BP 用于验证。,priority-reviewed,2026-08-24,已依据可得 primary abstract/full text 完成重点审核；未公开项目明确标为未报告，不以推断代替证据。
ppgbp-053-when-is-rppg-physiologically-valid-for-stress-and-workload-monitoring-a-,When is rPPG physiologically valid for stress and workload monitoring? A PRISMA-ScR scoping review,2026,2026-08-21,review,Frontiers in Digital Health,10.3389/fdgth.2026.1855425,https://doi.org/10.3389/fdgth.2026.1855425,primary-metadata/abstract,PPG | wearable deployment | review,not_reported,PPG | IMU/context (possible),PRISMA-ScR 检索 2010–2026-03 的五个数据库，纳入 20 项实证研究，按实验室、在线、telehealth 等场景综合 pipeline、reference 与部署条件。,HR 通常较稳健；HRV/PRV 在 head motion、illumination change 与短窗口下明显退化，许多研究只有 protocol label 或 wearable reference，缺少 ECG/contact-PPG agreement。,判断 rPPG 用于 stress/workload 时，什么时候 HR/HRV/PRV 具有生理有效性。,PRISMA-ScR 检索 2010–2026-03 的五个数据库，纳入 20 项实证研究，按实验室、在线、telehealth 等场景综合 pipeline、reference 与部署条件。,HR 通常较稳健；HRV/PRV 在 head motion、illumination change 与短窗口下明显退化，许多研究只有 protocol label 或 wearable reference，缺少 ECG/contact-PPG agreement。,stress classification 高分不等于生理信号有效，必须先验证 HRV/PRV agreement。,对任何 camera-PPG 下游都适用：先证实波形，再解释分类。,需普通 camera video；实际使用应限制运动、光照和窗口长度并给 quality flag。,综述无 BP 目标泄露；主要审计问题是参考标准不足和 protocol label shortcut。,已完成重点审核,verified,2026,Crossref 精确题名/年份与可得 primary abstract/full text 核验,当前年份按本记录所对应的正式文章或预印本版本填写。,not applicable,,not reported,该研究不是连续 BP estimator。,not_reported,可得来源未明确证明 subject-disjoint；已按未知项保留，不视为通过。,false,,未确认独立外部队列验证。,not-a-bp-estimator,非 BP 测量任务,camera facial video,false,需普通 camera video；实际使用应限制运动、光照和窗口长度并给 quality flag。,medium,not applicable,not applicable,not applicable,not applicable,not applicable,划分单位未充分报告，随机或重叠窗口泄露不能排除。,未充分报告 subject-disjoint，按未知风险保留。,综述无 BP 目标泄露；主要审计问题是参考标准不足和 protocol label shortcut。,priority-reviewed,2026-08-24,已依据可得 primary abstract/full text 完成重点审核；未公开项目明确标为未报告，不以推断代替证据。
ppgbp-054-fuzzy-accuracy-compensates-for-label-subjectivity-in-classification-of-s,Fuzzy Accuracy Compensates for Label Subjectivity in Classification of Skin Tone Using Wearable Photoplethysmography Signals,2026,2026-08-21,paper,FUZZ-IEEE 2026 / arXiv,10.1109/fuzz69877.2026.11626495,https://doi.org/10.1109/fuzz69877.2026.11626495,primary-metadata/abstract,PPG | wearable deployment,not_reported,PPG | IMU/context (possible),六分类任务比较 raw PPG 的 tree/deep model、SPAR image deep model 与 extracted features，并把预测在真实标签±1 视为 fuzzy correct。,raw PPG tree exact/fuzzy accuracy 最高 55%/96%，SPAR 44%/85%，features 42%/87%。,评估 fuzzy accuracy 能否更公平地衡量主观 Fitzpatrick skin-tone 标签分类。,六分类任务比较 raw PPG 的 tree/deep model、SPAR image deep model 与 extracted features，并把预测在真实标签±1 视为 fuzzy correct。,raw PPG tree exact/fuzzy accuracy 最高 55%/96%，SPAR 44%/85%，features 42%/87%。,fuzzy metric 反映标签主观性，但也可能把 exact classification 的不足隐藏在很高的 96% 中。,适合公平性/标签不确定性分析，不是 BP estimator，也不能只报 fuzzy accuracy。,推理需 PPG 或其图像/特征；无 BP 校准，临床用途有限。,摘要未说明 subject split，重复波形可能泄露；无 BP target-dependent processing。,已完成重点审核,verified,2026,Crossref 精确题名/年份与可得 primary abstract/full text 核验,当前年份按本记录所对应的正式文章或预印本版本填写。,not applicable,,not reported,该研究不是连续 BP estimator。,not_reported,可得来源未明确证明 subject-disjoint；已按未知项保留，不视为通过。,false,,未确认独立外部队列验证。,not-a-bp-estimator,非 BP 测量任务,PPG,false,推理需 PPG 或其图像/特征；无 BP 校准，临床用途有限。,medium,not applicable,not applicable,not applicable,not applicable,not applicable,划分单位未充分报告，随机或重叠窗口泄露不能排除。,未充分报告 subject-disjoint，按未知风险保留。,摘要未说明 subject split，重复波形可能泄露；无 BP target-dependent processing。,priority-reviewed,2026-08-24,已依据可得 primary abstract/full text 完成重点审核；未公开项目明确标为未报告，不以推断代替证据。
ppgbp-055-optimizing-health-prediction-using-wearable-sensor-data-machine-learning,Optimizing health prediction using wearable sensor data: Machine learning for anomaly detection in PPG and HRV signals,2026,2026-08-21,paper,Procedia Computer Science,10.1016/j.procs.2026.06.624,https://doi.org/10.1016/j.procs.2026.06.624,primary-metadata/abstract,PPG | wearable deployment,not_reported,PPG | IMU/context (possible),先做 noise reduction，再比较 Random Forest、SVM 和 LSTM 的 classification/anomaly detection。,摘要报告 LSTM 在去噪后 accuracy 93.5%，但未给样本量、数据集、类别分布或 subject split。,用去噪后的 wearable PPG/HRV 做信号分类与异常检测。,先做 noise reduction，再比较 Random Forest、SVM 和 LSTM 的 classification/anomaly detection。,摘要报告 LSTM 在去噪后 accuracy 93.5%，但未给样本量、数据集、类别分布或 subject split。,结果只能视作初步算法报告，缺少可判断泛化和临床价值的关键信息。,93.5% 单一 accuracy 不足以支持部署；需要按人划分、class-wise 指标和外部验证。,推理需 wearable PPG/HRV，不需 BP；硬件和实时成本未报告。,window/subject split 未报告，风险中高；无 BP 反归一化问题。,已完成重点审核,verified,2026,Crossref 精确题名/年份与可得 primary abstract/full text 核验,当前年份按本记录所对应的正式文章或预印本版本填写。,not applicable,,not reported,该研究不是连续 BP estimator。,not_reported,可得来源未明确证明 subject-disjoint；已按未知项保留，不视为通过。,false,,未确认独立外部队列验证。,not-a-bp-estimator,非 BP 测量任务,PPG,false,推理需 wearable PPG/HRV，不需 BP；硬件和实时成本未报告。,medium-to-high,not applicable,not applicable,not applicable,not applicable,not applicable,划分单位未充分报告，随机或重叠窗口泄露不能排除。,未充分报告 subject-disjoint，按未知风险保留。,window/subject split 未报告，风险中高；无 BP 反归一化问题。,priority-reviewed,2026-08-24,已依据可得 primary abstract/full text 完成重点审核；未公开项目明确标为未报告，不以推断代替证据。
ppgbp-056-domain-independent-ppg-signal-quality-assessment-framework-via-represent,Domain-independent PPG signal quality assessment framework via representation learning,2026,2026-08-22,paper,Scientific Reports,10.1038/s41598-026-58783-6,https://www.nature.com/articles/s41598-026-58783-6,primary-full-text,PPG | signal quality | representation learning | domain generalization,CSL finger PPG | WCS wrist PPG | AA neck PPG,PPG,Fine-tunes a pretrained PPG Transformer with triplet loss; quality is embedding distance to high-quality reference embeddings.,"Approximate F1: 90% finger, 95% wrist with generalized references, 70% neck.",建立跨部位、跨设备更稳健的 PPG signal quality assessment，先识别坏信号再进入 BP 或其他下游模型。,用 triplet loss 微调预训练 PPG Transformer，以待测片段到高质量 reference embedding 的距离判断质量。,F1 约为手指 90%、手腕 95%、颈部 70%；跨域效果因采集部位而异。,SQA 可实时运行且不依赖 BP 标签，适合作为部署前端；颈部等新域仍需更多数据。,先判断 PPG 能不能用，再估 BP；这是减少运动伪影失败的实用组件。,推理仅需 PPG 和已保存的高质量 reference embedding，不需要当前 BP。,未使用 BP 目标做质量筛选，目标泄露风险低；应继续避免同一受试者片段跨训练/测试。,已完成重点审核,verified,2026,此前重点深审记录,当前年份按本记录所对应的正式文章或预印本版本填写。,reference-embedding set,,device/domain setup,No BP calibration; reference embeddings define signal-quality score.,reported evaluation across datasets,Exact subject partition details need table-level audit.,true,wrist and neck datasets,Cross-location generalization is central.,deployable-front-end,适合作为 BP 模型前置 SQA,PPG | stored high-quality reference embeddings,false,Real-time compatible; no BP target needed.,low for BP target leakage,not applicable,not applicable,not BP-target based,"PPG morphology/expert quality labels, not BP values",not applicable,dataset-specific,dataset-specific,"If used in BP studies, freeze SQA before test evaluation and avoid tuning thresholds on test BP error.",priority-reviewed,2026-08-24,重点深审。
ppgbp-057-large-scale-bilateral-cardiovascular-monitoring-via-wearable-rings,Large-scale bilateral cardiovascular monitoring via wearable rings,2026,2026-08-22,paper,npj Digital Medicine,10.1038/s41746-026-03036-z,https://pubmed.ncbi.nlm.nih.gov/42477400/,primary-abstract,PPG | ring | bilateral | cuffless BP | benchmark,MAIBO-derived bilateral benchmark,left ring PPG | right ring PPG,Twelve backbones benchmark bilateral and averaged ring-PPG prediction across cardiovascular/demographic targets.,"97,559 valid samples from 1,810 participants; bilateral SBP/DBP MAE 12.36/8.21 mmHg, only modestly better than cohort-mean baselines 13.81/9.27.",检验左右手双 ring PPG 是否比单侧信号更适合预测 BP 等心血管和人口学指标。,在 12 种 backbone 上比较左手、右手、双侧融合和平均 ring PPG 的多目标预测。,"1,810 人、97,559 个有效样本；双侧 SBP/DBP MAE 为 12.36/8.21 mmHg，只比人群均值 baseline 13.81/9.27 略好。",双侧信号有一定增益，但绝对 BP 误差仍大，且双 ring 的硬件成本并未换来决定性提升。,更适合作为左右差异和姿势研究资源，不宜宣传为高精度 BP 方案。,需要两枚 ring，是额外佩戴成本；当前 BP 精度不足以支撑产品结论。,必须按参与者划分；若把同一人的左右手或不同 session 分到训练和测试，会显著高估泛化。,已完成重点审核,verified,2026,此前重点深审记录,当前年份按本记录所对应的正式文章或预印本版本填写。,none reported,0,none,Population benchmark.,needs full-method verification,Do not assume session-level split is safe.,false,,Single benchmark cohort.,limited-for-BP,HR 价值较强，绝对 BP 价值有限,bilateral ring PPG,false,Two-ring requirement is itself a deployment cost.,medium,not reported,session-synchronized reference BP,unknown,valid-sample selection requires audit,not reported,unknown,unknown pending split verification,Transparent weak BP result is more credible than near-zero MAE under unsafe splits.,priority-reviewed,2026-08-24,重点深审。
ppgbp-058-photoplethysmography-for-heart-rate-and-rhythm-monitoring-current-eviden,Photoplethysmography for Heart Rate and Rhythm Monitoring: Current Evidence and Clinical Applications,2026,2026-08-22,review,JACC: Clinical Electrophysiology,10.1016/j.jacep.2026.06.034,https://doi.org/10.1016/j.jacep.2026.06.034,primary-abstract,PPG | wearable deployment,not_reported,PPG | IMU/context (possible),state-of-the-art review，覆盖 pulse-rate 测量、AF screening、wearable/remote monitoring 与常见 confounder。,多项研究显示 HR 较准确、AF screening 有较高 sensitivity/specificity；motion、skin tone 和高 HR 时脉搏幅度下降会影响质量。,总结 PPG 在 HR 和 rhythm monitoring 中的当前证据、应用与限制。,state-of-the-art review，覆盖 pulse-rate 测量、AF screening、wearable/remote monitoring 与常见 confounder。,多项研究显示 HR 较准确、AF screening 有较高 sensitivity/specificity；motion、skin tone 和高 HR 时脉搏幅度下降会影响质量。,PPG 适合筛查和远程监测，但 arrhythmia 诊断仍需要 ECG 确认。,PPG 是 screening signal，不应替代诊断级 ECG；本综述也不是 BP 验证。,需 PPG 和 signal-quality control；异常 rhythm 应转 ECG confirmation。,综述无训练/测试泄露；核心风险是质量伪影与把筛查阳性当确诊。,已完成重点审核,verified,2026,JACC 正式文章核验,当前年份按本记录所对应的正式文章或预印本版本填写。,not applicable,,not reported,该研究不是连续 BP estimator。,not_reported,可得来源未明确证明 subject-disjoint；已按未知项保留，不视为通过。,false,,未确认独立外部队列验证。,not-a-bp-estimator,非 BP 测量任务,PPG,false,需 PPG 和 signal-quality control；异常 rhythm 应转 ECG confirmation。,medium,not applicable,not applicable,not applicable,not applicable,not applicable,划分单位未充分报告，随机或重叠窗口泄露不能排除。,未充分报告 subject-disjoint，按未知风险保留。,综述无训练/测试泄露；核心风险是质量伪影与把筛查阳性当确诊。,priority-reviewed,2026-08-24,已依据可得 primary abstract/full text 完成重点审核；未公开项目明确标为未报告，不以推断代替证据。
ppgbp-059-evaluation-of-alysis-001-cuffless-blood-pressure-estimation-algorithm-ag,Evaluation of Alysis-001 cuffless blood pressure estimation algorithm against the European Society of Hypertension awake/asleep test criteria in hypertensive patients,2026,2026-08-23,paper,Hypertension Research,10.1038/s41440-026-02728-z,https://www.nature.com/articles/s41440-026-02728-z,primary-full-text,cuffless BP | wearable | clinical validation | ESH awake/asleep | calibration-free,independent development cohorts: 953 seated-rest + 150 treadmill | prospective 24 h hypertensive cohort,green/red/IR PPG | electro-potential pulse signal | accelerometer | gyroscope | skin temperature | age | height | weight,"Biomechanical Moens–Korteweg-based multiparametric algorithm estimates velocity, volume and arterial elasticity; motion/posture correction and signal-quality rejection are applied.","92 enrolled, 78 analyzed; passed all ESH awake/asleep criteria under both extraction strategies; ICC >0.70, non-dipper sensitivity 0.93, specificity 0.75, accuracy 0.82.",在高血压门诊人群中检验 Alysis-001 的 24 小时 awake/asleep BP 表现和 non-dipper 识别能力。,基于 Moens–Korteweg 的多参数生物力学算法估计血流速度、容量和动脉弹性，并结合多光谱 PPG、electro-potential、IMU、温度与人口学信息做运动/姿势校正和 SQA。,92 人入组、78 人纳入分析；两种提取策略都通过 ESH awake/asleep 条件，ICC>0.70；non-dipper sensitivity 0.93、specificity 0.75、accuracy 0.82。,这是较强的真实 24 h wearable 证据，且无需 cuff 校准；但通过 awake/asleep 主测试不等于完成全部 cuffless device 验证。,在当前库中属于部署证据较强的一项，但结论范围应严格限定在研究完成的测试上。,推理需要多光谱 PPG、electro-potential、IMU、温度和人口学信息；高强度活动会自动拒测。,独立前瞻性队列，参考 ABPM 只用于比较；未发现用参考 BP 反归一化、选 beat 或做内部 SQA。,已完成重点审核,verified,2026,此前重点深审记录,当前年份按本记录所对应的正式文章或预印本版本填写。,demographic calibration only,0,none,"Uses age, height and weight; no initial or periodic cuff calibration.",true,Evaluation cohort has no overlap with independent development datasets.,true,prospective 24 h hypertensive outpatients,"Reference ABPM every 30 min; ESH awake/asleep primary test, not the entire cuffless-device validation suite.",strong-conditional,真实可穿戴证据较强,multispectral PPG | electro-potential | IMU | temperature | demographics,false,Automatically rejects high-intensity activity; does not require cuff calibration.,low,NO evidence,"30-min aggregation used for comparison, not to generate individual estimates",wearable uses fixed 10 s cycles; reference ABPM does not select beats,"internal sensor SQA/IMU rejection, not reference-BP filtering",NO — demographics only,not applicable to independent prospective cohort,NO cohort overlap reported,"Reference ABPM is used for validation, not fed into Alysis estimates.",priority-reviewed,2026-08-24,重点深审；通过 awake/asleep primary test does not equal completing every ESH test.
ppgbp-060-a-multi-posture-asymmetry-aware-intelligent-bilateral-observation-datase,A Multi-posture Asymmetry-aware Intelligent Bilateral Observation Dataset for Cardiovascular Monitoring,2026,2026-08-24,dataset-paper,Scientific Data,10.1038/s41597-026-07915-8,https://www.nature.com/articles/s41597-026-07915-8,primary-full-text,PPG | dataset | ring | bilateral | posture | cuffless BP,MAIBO,left ring PPG | right ring PPG | posture | age | sex | BMI,Dataset descriptor: synchronized bilateral ring PPG across three standardized postures with SBP/DBP/HR and demographic labels.,"1,810 participants and 7,478 sessions; designed for bilateral and posture-dependent cardiovascular benchmarking.",发布一个同时包含左右手 ring PPG 和多种体位的 BP 数据集，用于研究侧别与姿势造成的 domain shift。,同步采集左右手 ring PPG，覆盖 3 种标准体位，并提供 SBP/DBP/HR、年龄、性别、BMI 等标签。,"MAIBO 包含 1,810 名参与者和 7,478 个 session，适合做左右手与姿势依赖的心血管 benchmark。",数据集非常贴近 wearable 研究，但它不会自动保证安全划分；使用者必须自己按 participant ID 分组。,最有价值的实验是 left→right、supine→sitting/standing，而不是随机 window split。,下游推理可只用 ring PPG，也可加入设备实际可得的 posture/IMU。,数据构建未见当前 BP 反归一化；最大风险是把同一人的不同手、体位或 session 随机分到训练和测试。,已完成重点审核,verified,2026,此前重点深审记录,当前年份按本记录所对应的正式文章或预印本版本填写。,not applicable to dataset,0,not applicable,Reference BP labels are provided; downstream users must define calibration protocol.,not imposed,Dataset users must split by participant ID; random session/window split is unsafe.,false,,"Dataset resource, not an externally validated estimator.",research-enabler,贴近 ring wearable,ring PPG | optional posture/IMU,false,Suitable for left→right and posture-shift tests.,low at dataset construction / high if mis-split,not inherent,reference labels synchronized at session level,downstream-defined,dataset QC present; no current-BP inverse scaling found,downstream-defined,must avoid random sessions/windows,must enforce subject-disjoint partitions,Dataset does not guarantee safe downstream splitting by itself.,priority-reviewed,2026-08-24,重点深审。
ppgbp-061-healthring-physiology-dataset-for-health-sensing-on-rings,HealthRing: Physiology Dataset for Health Sensing on Rings,2026,2026-08-24,dataset-paper,Scientific Data,10.1038/s41597-026-07289-x,https://www.nature.com/articles/s41597-026-07289-x,primary-full-text,PPG | dataset | ring | motion artifact | wearable | cuffless BP,HealthRing,reflective red/IR PPG | transmissive red/IR PPG | 3-axis accelerometer,"Three synchronized cohorts: controlled stimuli, semi-free-living activities and treadmill running; RingTool provides signal-processing and DL baselines.","54 adults; controlled+daily benchmarks: SBP/DBP MAE 12.98/7.64 mmHg, HR 5.33 bpm, RR 2.98 breaths/min, SpO2 1.72%.",提供包含真实运动伪影的 ring physiology 数据，让算法不只在静坐实验中评估。,采集 controlled stimuli、semi-free-living 日常活动和 treadmill running 三组同步数据；两枚 ring 记录反射/透射 red/IR PPG 与 3-axis accelerometer。,共 54 名成人；controlled+daily benchmark 的 SBP/DBP MAE 为 12.98/7.64 mmHg，HR 5.33 bpm，RR 2.98 次/分，SpO₂ 1.72%。,HealthRing 对运动鲁棒性和拒测策略很有价值，但当前 BP benchmark 精度有限，不能视作消费设备验证。,适合研究 arm swing 下“何时不该输出”，而不是证明 ring 已能准确测 BP。,推理输入是 ring PPG 与 accelerometer；可用于运动场景下的 SQA 和鲁棒性研究。,数据本身不要求目标依赖处理；复用时必须按 subject 分组，不能随机打散高度重叠的 windows。,已完成重点审核,verified,2026,此前重点深审记录,当前年份按本记录所对应的正式文章或预印本版本填写。,benchmark-dependent,,not_reported,Dataset paper does not establish a product calibration protocol.,dataset benchmark dependent,Downstream users must preserve subject separation.,cross-cohort stress test,treadmill cohort,"Motion cohort tests transfer, but BP benchmark is mainly controlled/daily.",research-enabler,真实 wearable 数据价值高，BP 精度有限,ring PPG | accelerometer,false,Supports rejection/robustness research under arm swing.,medium,not reported as target-dependent,synchronized labels are dataset ground truth,benchmark-defined; audit before reuse,quality controls present; target dependence not established,not inherent,possible if windows are shuffled,must be actively prevented,Benchmark MAE is not a consumer-device validation.,priority-reviewed,2026-08-24,重点深审。
ppgbp-062-validation-of-photoplethysmography-derived-short-term-heart-rate-variabi,Validation of photoplethysmography-derived short-term heart rate variability using a wearable device,2026,2026-08-24,paper,Scientific Reports,10.1038/s41598-026-52700-7,https://doi.org/10.1038/s41598-026-52700-7,primary-metadata/abstract,PPG | wearable deployment,not_reported,PPG | IMU/context (possible),前瞻性单中心 66 名窦性心律参与者，同步记录 5 分 30 秒 ECG/PPG，比较 16 个 time/frequency/nonlinear HRV 指标。,mean HR ρ=1.0，SDNN 0.98，deceleration capacity 0.95，CVNN 0.98，SD2 0.99，且通过 equivalence test；短时 variability 和 entropy 较弱。,验证 Bora band 腕部 PPG 的短时 HRV 与 12-lead ECG 是否一致。,前瞻性单中心 66 名窦性心律参与者，同步记录 5 分 30 秒 ECG/PPG，比较 16 个 time/frequency/nonlinear HRV 指标。,mean HR ρ=1.0，SDNN 0.98，deceleration capacity 0.95，CVNN 0.98，SD2 0.99，且通过 equivalence test；短时 variability 和 entropy 较弱。,静息受控条件下部分 PPG-HRV 可靠，但不能外推到运动、心律失常或长期自由生活。,应按 HRV 指标分别验证，不能用 mean HR 的一致性代表所有 HRV。,需腕部 PPG；适合静息短时选定 HRV 指标，不需 BP。,同步 ECG 仅作 reference，无目标泄露；单中心、受控条件且无外部验证。,已完成重点审核,verified,2026,Crossref 精确题名/年份与可得 primary abstract/full text 核验,当前年份按本记录所对应的正式文章或预印本版本填写。,not applicable,,not reported,该研究不是连续 BP estimator。,not_reported,可得来源未明确证明 subject-disjoint；已按未知项保留，不视为通过。,false,,未确认独立外部队列验证。,not-a-bp-estimator,非 BP 测量任务,PPG,false,需腕部 PPG；适合静息短时选定 HRV 指标，不需 BP。,medium,not applicable,not applicable,not applicable,not applicable,not applicable,划分单位未充分报告，随机或重叠窗口泄露不能排除。,未充分报告 subject-disjoint，按未知风险保留。,同步 ECG 仅作 reference，无目标泄露；单中心、受控条件且无外部验证。,priority-reviewed,2026-08-24,已依据可得 primary abstract/full text 完成重点审核；未公开项目明确标为未报告，不以推断代替证据。
ppgbp-063-feasibility-of-a-noninvasive-photoplethysmography-based-wearable-chest-p,Feasibility of a noninvasive photoplethysmography-based wearable chest patch for cardiac output assessment during exercise compared with thermodilution right heart catheterization,2026,2026-08-24,paper,Scientific Reports,10.1038/s41598-026-63092-z,https://doi.org/10.1038/s41598-026-63092-z,primary-metadata/abstract,PPG | wearable deployment,not_reported,PPG | IMU/context (possible),9 名 HFpEF 患者在静息、passive leg raise 与 20W 自行车运动中获取 27 对 CO 测量。,bias −0.72 L/min，95% LoA −2.88 至 1.43，percentage error 33%；两法 r=0.774，静息到 20W 变化 concordance r=0.88。,比较 PPG chest patch 与 thermodilution right-heart catheterization 的运动 cardiac output。,9 名 HFpEF 患者在静息、passive leg raise 与 20W 自行车运动中获取 27 对 CO 测量。,bias −0.72 L/min，95% LoA −2.88 至 1.43，percentage error 33%；两法 r=0.774，静息到 20W 变化 concordance r=0.88。,可跟踪运动引起的 CO 变化，但样本极小、误差边界较宽，只能称 feasibility。,是 cardiac-output patch，不是 BP monitor；相关高不代表 absolute agreement 足够。,需胸贴 PPG，不需导管；适合作为低风险补充监测，尚需大样本验证。,导管只作 reference，无 BP/CO 当前目标输入；单中心 n=9，无外部验证。,已完成重点审核,verified,2026,Crossref 精确题名/年份与可得 primary abstract/full text 核验,当前年份按本记录所对应的正式文章或预印本版本填写。,not applicable,,not reported,该研究不是连续 BP estimator。,not_reported,可得来源未明确证明 subject-disjoint；已按未知项保留，不视为通过。,false,,未确认独立外部队列验证。,not-a-bp-estimator,非 BP 测量任务,chest-patch PPG,false,需胸贴 PPG，不需导管；适合作为低风险补充监测，尚需大样本验证。,medium,not applicable,not applicable,not applicable,not applicable,not applicable,划分单位未充分报告，随机或重叠窗口泄露不能排除。,未充分报告 subject-disjoint，按未知风险保留。,导管只作 reference，无 BP/CO 当前目标输入；单中心 n=9，无外部验证。,priority-reviewed,2026-08-24,已依据可得 primary abstract/full text 完成重点审核；未公开项目明确标为未报告，不以推断代替证据。
ppgbp-064-causal-decomposition-of-ppg-signals-for-cuffless-blood-pressure-estimati,Causal Decomposition of PPG Signals for Cuffless Blood Pressure Estimation,2026,2026-08-24,paper,IEEE Transactions on Biomedical Engineering,10.1109/TBME.2026.3702361,https://pubmed.ncbi.nlm.nih.gov/42268766/,primary-abstract,PPG | cuffless BP | EEMD | causal inference | interpretability,not_reported,PPG,EEMD decomposes PPG into IMFs; counterfactual exclusion and structural causal modeling select BP-relevant components; CNN/GBRT/PAT baselines are compared.,"IMF4–6 showed strongest causal association; CNN using IMF4+5 achieved SBP/DBP MAE 5.55/3.45 mmHg, improving 26.39%/17.86% over original PPG.",找出 PPG 中与 BP 更有因果关联的频率成分，而不是直接把整段波形交给黑箱模型。,用 EEMD 把 PPG 分解为多个 IMF，再通过 counterfactual exclusion 和 structural causal modeling 选择 BP 相关分量，并比较 CNN、GBRT、PAT。,IMF4–6 的因果关联最强；CNN 使用 IMF4+5 时，SBP/DBP MAE 为 5.55/3.45 mmHg，比原始 PPG 改善 26.39%/17.86%。,选择生理相关分量能改善模型，但“causal”命名不能替代 subject-disjoint 和 external validation。,解释性方向值得跟进，当前证据仍不足以证明跨数据集和实时部署稳定。,推理可 PPG-only，但需要固定 EEMD/分量选择流程；实时计算成本与跨域稳定性尚未解决。,摘要未报告明显目标反归一化；subject split、切窗和外部验证仍需全文审计。,已完成重点审核,verified,2026,此前重点深审记录,当前年份按本记录所对应的正式文章或预印本版本填写。,unknown,,unknown,Abstract does not describe a deployment calibration protocol.,unknown,Needs full-text protocol audit.,false,,No external cohort confirmed from abstract.,promising-research,算法上可 PPG-only，证据不足,PPG | fixed EEMD/component-selection pipeline,false,Causal component selection is learned offline; real-time EEMD cost and cross-dataset stability remain open.,medium,not reported,not reported,unknown,unknown,not reported,unknown,unknown,Causal language does not substitute for subject-disjoint and external validation.,priority-reviewed,2026-08-24,重点深审。
ppgbp-065-a-revised-point-to-point-calibration-approach-with-adaptive-errors-corre,A Revised Point-to-Point Calibration Approach with Adaptive Errors Correction to Weaken Initial Sensitivity of Cuff-Less Blood Pressure Estimation,2020,2026-08-24,paper,Sensors,,https://pmc.ncbi.nlm.nih.gov/articles/PMC7218878/,primary-full-text,cuffless BP | PTT | calibration | adaptive correction,controlled exercise cohort,ECG/PPG-derived PTT | stored calibration parameters,Compares original one-point PTP calibration with mean PTP (mPTP) and penalty-factor adaptive PTP (fPTP) correction across exercise intensities.,mPTP and fPTP reduce sensitivity to a single initial calm-state sample and improve consistency relative to oPTP; exact metrics retained in source paper.,降低 PTT 类无袖带 BP 模型对单个初始校准点的敏感性，让运动状态变化时更稳定。,比较原始 one-point PTP、多个静息点取平均的 mPTP，以及加入 penalty factor 动态修正的 fPTP。,mPTP 和 fPTP 相比 oPTP 减少了对单个静息样本的依赖，并提高不同运动强度下的一致性；具体数值保留在原文中。,多点或自适应校准比单点更稳，但它仍是校准型方法，不是 calibration-free BP。,适合作为校准策略 baseline；必须确认实时 correction 不会使用部署时拿不到的当前参考 BP。,推理需要 ECG/PPG-derived PTT 和个人参数；自适应更新的可用输入必须重新审计。,历史 BP 用于校准是明确的；若 fPTP 在测试时使用同时刻参考 BP 更新参数，就会形成目标依赖。,已完成重点审核,verified,2020,此前重点深审记录,当前年份按本记录所对应的正式文章或预印本版本填写。,mPTP/fPTP point-to-point,multiple calm-state points for mean; adaptive correction thereafter,initial + real-time correction,Older calibration baseline included because it was explicitly referenced in prior planning.,not applicable/within-subject calibration study,Not an unseen-subject DL benchmark.,false,,Controlled cohort only.,conditional,可作为校准基线,PTT or pulse-derived features | stored individual parameters,depends on adaptive correction implementation,Must ensure fPTP updates do not use contemporaneous reference BP unavailable in deployment.,medium,not applicable,ECG–PPG timing is an input feature,protocol-defined,unknown,historical BP definitely used; real-time correction path requires audit,not applicable,not applicable,"Calibration study, not calibration-free estimation.",priority-reviewed,2026-08-24,补录此前明确提到的校准基线。
